x0,x1,x2,y,y_pred
3.137351490772775,2.2775987766944095,9.214533111641424,1.0,2.0
3.0974040066924395,5.328838128601493,2.433510881873144,1.0,2.0
6.864967799004358,3.1915165967942,5.446283561410717,1.0,2.0
5.5799489439462855,6.6809656091865275,8.289019052386077,1.0,2.0
2.0318057907885114,9.607190278872546,12.754206202565982,1.0,2.0
5.31329044203702,0.09038801608351776,5.231147130527093,1.0,2.0
1.1455847302895008,4.573169330444208,6.815864664223966,1.0,2.0
-1.931284608101321,4.545262166207529,8.953100973906741,1.0,2.0
1.0898409137240481,11.760156306974062,5.266722831460056,1.0,2.0
0.28600651936173804,8.274350268193382,-0.3274292195978026,1.0,2.0
5.1335288533483565,1.2410526362239969,5.62920001553781,1.0,2.0
2.565565725908658,1.962911176734451,2.4842685251953247,1.0,2.0
2.2713919614001172,0.9922896579212297,3.9389862800240922,1.0,2.0
0.9586564439653518,1.4309108520098952,5.64332426478115,1.0,2.0
6.9932865454108555,6.876604878949728,8.187944810394077,1.0,2.0
3.046216004971394,6.7752412633932,4.692825450438537,1.0,2.0
4.156394629312234,5.356367962105522,9.196708748316595,1.0,2.0
-1.1354353020134051,7.380253089712928,7.75162660816061,1.0,2.0
1.5507399826432025,5.578172906720523,2.3071296827452823,1.0,2.0
4.133817388603941,2.197756815607649,2.0205697028159726,1.0,2.0
2.005589269428344,6.263054906132856,4.597454582500283,1.0,2.0
6.164544251152929,3.0482369036116923,9.78347423065255,1.0,2.0
-1.7310770527873245,7.233049402525669,2.627158988991817,1.0,2.0
-1.3668582130604148,-1.1909369057767436,8.435015630172579,1.0,2.0
8.185617821029169,-2.7636811144753097,13.084968548640449,1.0,2.0
1.854324398325064,4.69246760638293,8.252395982995012,1.0,2.0
-0.9732358984848353,6.373790843227081,7.96579983879572,1.0,2.0
0.2925747431264831,4.206305808635982,8.496374217164725,1.0,2.0
-4.521847955833574,0.003582896192023899,12.66073353553977,1.0,2.0
1.9644592220869745,-0.763048457332586,1.7353808726651003,1.0,2.0
8.703811628329852,2.533527875311478,5.048729970657335,1.0,2.0
6.335285294247586,1.7893531986454074,4.587010763481229,1.0,2.0
2.8127741842227847,13.706603054590191,6.1467548564705154,1.0,2.0
1.327834093562621,6.905853221787321,4.629830641893696,1.0,2.0
-5.2641292667596735,2.7762958853070794,8.782897779721493,1.0,2.0
9.247099382515255,0.47939353159690956,6.937863991263217,1.0,2.0
3.701532452119621,3.291405755807391,2.075789837885032,1.0,2.0
5.019524028954706,-0.5293257390958079,1.5604389752509968,1.0,2.0
-3.544086661745963,1.6877874380177136,9.562188235799928,1.0,2.0
-0.77271206192797,4.104638375353719,2.9951207758991605,1.0,2.0
-0.44148641301561,3.3137999262362294,3.0730863310100007,1.0,2.0
-0.18669741055944156,8.87932206247511,1.2410209735861422,1.0,2.0
7.182980238304554,4.148303898426242,10.006389574606825,1.0,2.0
-5.321135629424797,0.6955374551434395,3.215239733279734,1.0,2.0
1.2478246983960544,3.2214517892908336,8.65705151002204,1.0,2.0
7.362940873768743,1.7916073584459342,12.328083269200103,1.0,2.0
0.8663786722687488,3.418385940775224,5.652175081883975,1.0,2.0
8.910804616308772,3.6054416126847375,5.363068029510986,1.0,2.0
1.040306322008866,4.165145439773506,7.280906673535627,1.0,2.0
1.1855030283843,-3.8531583497885022,5.9207421765099975,1.0,2.0
0.44746483710222806,1.465187260869865,5.062942307574934,1.0,2.0
3.8366198410359935,0.4713823080579136,6.443535792773425,1.0,2.0
1.4540282832226212,1.9964147714919047,8.522216626778755,1.0,2.0
-0.5070070343366915,0.8176486051443734,5.712315881722745,1.0,2.0
-4.266596485124861,0.38530762491234793,6.521528370231362,1.0,2.0
-3.056835384606433,3.586261580177096,7.1468832638664335,1.0,2.0
-1.0608371855107115,-3.605903765539993,8.140373354907506,1.0,2.0
-3.678057829370802,4.0166018391698906,6.918487973986868,1.0,2.0
4.749887983870461,3.2426608301513546,5.931396788353634,1.0,2.0
-0.8572953667860006,9.116045955820919,7.390891268711098,1.0,2.0
1.5967487737006691,-1.3276557404824123,6.055211601114941,1.0,2.0
0.834825371296009,1.933990591259367,4.526371851888624,1.0,2.0
-0.1687638240836074,2.407073077481127,2.347957541564861,1.0,2.0
3.1032966800595156,1.0080454506063132,5.927001739994758,1.0,2.0
4.860636212093961,6.461368992304052,8.096131074131424,1.0,2.0
1.172219548957808,2.265014291632233,9.14009752156044,1.0,2.0
4.070622184877225,8.920743172289733,6.939626249236102,1.0,2.0
-0.4923770019494542,0.5086057950137595,5.202421579164862,1.0,2.0
7.079368823051327,-1.1030565990903458,8.335781933676431,1.0,2.0
-0.08044151835425417,5.702711241950235,8.7576791646599,1.0,2.0
1.4986909368077312,1.9562549465938255,8.554803603315069,1.0,2.0
4.247338956861973,5.770943270352565,6.236469267892529,1.0,2.0
11.546308502567449,0.3791484392488986,7.853618432675486,1.0,2.0
6.188416916323575,1.0853644623190517,2.853826775528372,1.0,2.0
4.372807901537104,4.436016730119068,6.008037964074766,1.0,2.0
0.9251920905461137,5.985688066724826,7.042847078998689,1.0,2.0
2.3262900844198815,3.237444500539933,7.00905620457318,1.0,2.0
-1.5009166688798627,6.767141694109987,0.8600877632931088,1.0,2.0
1.34768205168529,3.6709528971816923,5.439045921192098,1.0,2.0
-5.644808283022222,11.701773102933963,4.836147506181014,1.0,2.0
-2.3987775644353,-6.158313193842427,11.147223707027283,1.0,2.0
1.6802214337917853,1.8879927491715107,4.902610498564708,1.0,2.0
5.069531234395632,2.566601215272312,8.284510297913247,1.0,2.0
-3.1365888979772567,4.101814079589934,7.639863085502151,1.0,2.0
4.1438843679397,8.36910359355135,7.147087804417022,1.0,2.0
3.609190209835684,2.7436273853308437,8.682641331921005,1.0,2.0
6.561534241635016,6.922029105436245,11.746203025381625,1.0,2.0
-3.072298327687538,1.9102879753186506,7.969545783371364,1.0,2.0
-0.09984198452601056,4.394733955636341,4.494829113013634,1.0,2.0
2.814746162173744,2.679947720548385,2.173247381810421,1.0,2.0
-0.754484861957385,3.3557193016800007,9.268910575472704,1.0,2.0
2.069164142339473,-0.7721825518821328,2.4161752435256147,1.0,2.0
0.9691702404711102,3.0750154889252124,6.075091563962809,1.0,2.0
3.349047563430555,6.457460096876646,7.070456262086649,1.0,2.0
0.17629300244711477,4.900227612185098,2.7423593840903857,1.0,2.0
-2.6717265304596167,2.425204803972176,2.949855072689938,1.0,2.0
4.460817448658111,7.55428933001809,7.3510372357832985,1.0,2.0
-2.0274820799977,-1.5350762582848478,4.39011286028824,1.0,2.0
1.7238962907250759,10.559356558156248,10.995888400442244,1.0,2.0
-0.840355903190503,2.8389408796464153,4.801776292939712,1.0,2.0
13.891429637646699,8.468638238053554,-1.1586437689043496,1.0,2.0
2.360735257920062,5.357701092168712,3.01638809549378,1.0,2.0
-4.061975598190848,2.476685282659754,9.08939702720673,1.0,2.0
5.780425580144176,0.6640594356705429,1.2103783097351002,1.0,2.0
4.869990163412692,8.121747727053185,-0.4900074316811418,1.0,2.0
-5.624162308083119,0.09495467011793801,12.37858693180643,1.0,2.0
3.222284509315126,8.39705214373187,10.563341893762452,1.0,2.0
2.9917586083468577,4.1910373055970185,8.067270699961554,1.0,2.0
2.5542647566160497,2.715401410343963,4.10404928501009,1.0,2.0
6.604850319948108,8.899830615986518,5.855058326235686,1.0,2.0
2.314912722741167,3.4733729637746302,8.120577955112287,1.0,2.0
5.180106367848856,11.384708347849557,5.849122104392764,1.0,2.0
-2.0919938379716054,-0.43422085532208765,-1.2871896132689105,1.0,2.0
-1.641474264712975,1.3302270318818978,8.454557725878418,1.0,2.0
-2.50097255519308,1.5132832925932638,12.89419093865948,1.0,2.0
3.608563403895271,2.7184951293229718,3.3658218992115763,1.0,2.0
3.491124728413766,6.382122880289424,3.133450011186805,1.0,2.0
-3.7919756152638904,5.754623855531097,6.494268754464159,1.0,2.0
1.134069987174735,2.5948758127056712,6.1564168763788985,1.0,2.0
0.9068307602565566,4.618925967583204,6.006190908935481,1.0,2.0
-4.300465238961638,0.6466080505373704,9.904190069055133,1.0,2.0
3.4070824009462215,4.77878928599903,5.626673409264888,1.0,2.0
-2.2906474854849135,1.4236504525874598,5.9805280921114115,1.0,2.0
0.7670038533773067,1.7618163778908542,7.381905839813763,1.0,2.0
-2.568315041805569,1.2720635871293031,3.746921964160088,1.0,2.0
0.6810286252916822,1.4327678119049478,12.162458200402096,1.0,2.0
6.770433628867483,-1.6295339825911022,2.451574612901856,1.0,2.0
5.778470209103931,2.9589310894803087,4.220886022501826,1.0,2.0
1.481001641941516,7.722964194127904,7.538136142664653,1.0,2.0
1.831533490898794,2.3410675874694102,3.7557135891566813,1.0,2.0
1.026195985326858,8.220125797861607,2.4690668833783214,1.0,2.0
2.0572593018468806,3.759637472984354,9.482035909813312,1.0,2.0
1.1741396733479927,-5.260874220849552,7.039214922784439,1.0,2.0
4.113421993254406,2.931926802315684,4.0176894614515275,1.0,2.0
-3.7049799813053195,7.0992287822343645,3.38065069625694,1.0,2.0
-1.207985516320464,3.473425597365212,8.664759871025508,1.0,2.0
6.937563422061712,3.9615790384699037,5.486295758082981,1.0,2.0
3.026136577552196,1.5980432737576118,-2.3219160470779716,1.0,2.0
-5.606334280772976,8.640562580403518,12.688254511897496,1.0,2.0
4.436395605473288,5.117700900593482,3.836773721684855,1.0,2.0
2.4996499570490975,6.758562469405158,6.543006684009189,1.0,2.0
-0.5116103781568868,4.109571530150001,8.974841969432418,1.0,2.0
2.146409326352736,5.278393970910888,5.1381722737593165,1.0,2.0
3.1719158544432857,1.351652932660224,7.267622840598124,1.0,2.0
4.9510465595635935,2.3371084289069723,5.000800454980593,1.0,2.0
2.935134184643479,9.230751877346858,6.460198338524169,1.0,2.0
7.599574948219252,3.3164276503774803,2.2379813458244104,1.0,2.0
5.884056567381606,3.271401119482134,5.786433369021443,1.0,2.0
8.87249439874002,7.874738278485477,11.610603331039853,1.0,2.0
-1.1829326649212972,1.8354594712233196,5.364849601486478,1.0,2.0
5.013794445370973,10.707014077658814,8.624071203739188,1.0,2.0
3.776956171640961,-0.2011379828187716,5.851428710847642,1.0,2.0
5.816293758396769,3.4581948339770894,8.17273369213748,1.0,2.0
4.340904787783574,0.6331745093500505,11.516873867273105,1.0,2.0
1.1464302995652,0.9000172564693152,7.161208838134912,1.0,2.0
-1.5225706057830826,1.6767129758695247,11.829938749132129,1.0,2.0
-2.4637584189356097,6.748786504490993,6.445635744053409,1.0,2.0
0.058998389670615436,5.2210693968971045,12.271157710596528,1.0,2.0
5.476442469457498,2.0477038537764907,11.153561499135659,1.0,2.0
3.554477520473516,2.766237043962026,2.0427725789325546,1.0,2.0
5.529309760692192,5.925399072079777,6.834780739593217,1.0,2.0
0.6290047717223779,3.7257669898077537,12.391543409511337,1.0,2.0
1.0508263407077392,2.79449150097835,9.975172383642988,1.0,2.0
0.6951580033323053,2.93152294764409,1.7305685627454128,1.0,2.0
0.08388061779726275,2.645523251128125,4.308287137073176,1.0,2.0
-2.1518173833319345,4.998417032425071,4.081546718120703,1.0,2.0
2.1181501895385573,12.344232434059474,4.744578502818543,1.0,2.0
-0.9491663553566241,3.0636031942030266,10.387210000043929,1.0,2.0
2.809631391213542,-0.024641899092096686,1.011613999242523,1.0,2.0
5.543778896614781,6.708862574732158,6.492288957742487,1.0,2.0
3.7165773282485297,4.087567201518766,8.422333881371962,1.0,2.0
-0.2901395260067918,9.223252555657432,3.3407545971726256,1.0,2.0
7.215499752673188,2.736837330455595,3.035420562118625,1.0,2.0
5.516466804009347,11.867773397657873,6.077859726115367,1.0,2.0
-0.23464104523022233,9.034941861056483,5.985760822877947,1.0,2.0
-0.9458852108093501,0.5976008922649356,6.338590473075472,1.0,2.0
-1.6687146286670815,1.4160257118013493,6.415907147252335,1.0,2.0
-1.0501416835031945,4.223076400552354,7.043991919889269,1.0,2.0
7.400649999226546,9.89138619137343,4.241151501462473,1.0,2.0
2.780256286524464,11.920395461831385,10.42017596239378,1.0,2.0
-3.8829093756657285,3.8012919409946155,7.205011035276856,1.0,2.0
4.483529049051288,-2.0347802918514075,5.898876993004062,1.0,2.0
8.502295312504092,-0.2731544101836305,8.799527954715437,1.0,2.0
-0.1175444774211094,5.836565395488671,0.8130318228488633,1.0,2.0
3.0953634824844736,6.179759023684872,-0.21645146517813663,1.0,2.0
-0.25518658359301294,8.931693790842907,4.156109510536021,1.0,2.0
-0.9185971205078027,-0.44783521726486386,5.711787047500155,1.0,2.0
-0.22272697846005435,0.849377821345811,8.211198754118454,1.0,2.0
2.0689997593361564,4.218315433320037,4.193597035620093,1.0,2.0
-4.795486271098882,3.0040043611751646,3.255669574231093,1.0,2.0
2.885274575531971,0.8588810463228305,6.8616486010187865,1.0,2.0
4.259016229038924,5.840069056563571,2.127575236304695,1.0,2.0
-0.31441788218944655,0.1597910627788499,6.295003822730368,1.0,2.0
8.113294222414474,9.572384276710006,4.516139996114571,1.0,2.0
4.899146378990916,2.498148502647077,1.0366969427038475,1.0,2.0
8.727806982639148,1.7728882127806993,6.0915217779487865,1.0,2.0
0.44681059129652845,2.5486371325417654,10.270402528977684,1.0,2.0
-0.8202328332712203,1.3720519108483553,6.041721848146775,1.0,2.0
7.725704618747926,5.500160549913221,3.4669011051009977,1.0,2.0
3.714942879212063,9.176356789903748,7.824425788385945,1.0,2.0
4.4855913825370415,6.468786483631206,6.0372858593039735,1.0,2.0
4.299579167048686,2.400322062408162,0.918978220673579,1.0,2.0
-2.5661542307976757,3.60461700498228,5.188384566644901,1.0,2.0
4.392923924978476,8.036174369063756,14.331977524454896,1.0,2.0
8.032472036334305,1.100319144389045,5.580107069348149,1.0,2.0
-2.3781511523634373,7.305115352852552,3.1536763414999975,1.0,2.0
3.5547436439942746,5.868486148307228,4.479004587430903,1.0,2.0
1.1256914794578756,0.5645154187566712,7.026137752051667,1.0,2.0
-2.698132152858583,7.684935098101375,-2.1299758599417222,1.0,2.0
0.38542870797169493,1.6835614345243113,7.73621091770496,1.0,2.0
4.896795629128931,2.6998333900247893,7.192004046191884,1.0,2.0
3.7635018425690774,0.5620471958701349,7.368464536017119,1.0,2.0
-2.687703491126026,7.9893602522850715,5.496058559749201,1.0,2.0
0.5290824964402521,7.943234040701232,6.61037832684604,1.0,2.0
2.348301245539213,7.834759316397408,4.799852172184883,1.0,2.0
5.423444176200713,4.066243208003333,5.9481342044762515,1.0,2.0
-8.283088246589394,9.863770608924463,3.5791574562278465,1.0,2.0
4.6488588064348635,-0.7254734116175375,-5.0642400991658105,1.0,2.0
-3.4318580842960134,6.826596404623074,6.9448883607372345,1.0,2.0
-0.8542447008922124,3.2981300892071284,-2.9548544039972775,1.0,2.0
-0.8869654775304731,1.3372678751102338,2.948031657629106,1.0,2.0
5.173542970630015,-3.329466084647885,7.682057497929873,1.0,2.0
-0.18646673006065378,6.071336331724364,2.3325514578658546,1.0,2.0
4.206336728569806,-1.2407684307400062,-0.005775645111635974,1.0,2.0
-2.4818832030799016,7.76399055888637,5.459594479758895,1.0,2.0
-2.833108398616682,2.101146365038657,1.0918371346200677,1.0,2.0
2.6842062432863445,4.3814807638304,12.077932873476865,1.0,2.0
-3.850160117567176,5.880519250261077,5.5776764838579815,1.0,2.0
-1.0780257140235718,4.532029707835916,3.761790987868864,1.0,2.0
-1.6106709891646314,6.155935599083248,6.346085930642407,1.0,2.0
4.183150888450664,4.64697931350021,14.231467875061664,1.0,2.0
1.0163385057960712,2.0401145933814258,0.83799606077344,1.0,2.0
5.338659116452549,5.6062107995283466,1.1750490179077255,1.0,2.0
4.088163501851611,-0.263338927917818,6.162799916792686,1.0,2.0
4.975419491881423,-1.7140190457119906,0.9032010751895934,1.0,2.0
1.105172683199684,4.124858391470513,7.817398156891255,1.0,2.0
-3.3973559183435555,6.18825772219474,5.770342161417831,1.0,2.0
2.849501753457715,5.641399106019894,7.632618560904789,1.0,2.0
-4.241821865499033,0.5646049347401201,7.682725252627928,1.0,2.0
4.760018722827688,5.479156677223709,3.1950861247971485,1.0,2.0
-8.4595516305997,0.26860170899001723,8.476923895571879,1.0,2.0
4.809709487221157,2.348161295536028,5.254016010312262,1.0,2.0
0.7993222076361807,3.930991120861981,6.643037623355159,1.0,2.0
0.9955362902933564,1.7281561455203303,8.060211994914408,1.0,2.0
0.6404819036401246,-0.5552935287139336,9.98312100330524,1.0,2.0
2.052585551980727,2.3494026108322816,11.189008609481203,1.0,2.0
5.44564769173921,6.181597019644594,3.276756623007231,1.0,2.0
5.441812565638416,11.350853200515274,-0.1654420840968589,1.0,2.0
-2.628552306905516,4.49564503405739,3.3424228531309765,1.0,2.0
2.3188823758306367,-1.9338243981122454,3.1571480670843117,1.0,2.0
4.11053000097055,8.121780738278632,5.401688484325696,1.0,2.0
-7.062559797491623,7.643438145332052,5.591420298684784,1.0,2.0
3.5986213444047244,6.819350268104788,9.938620800705635,1.0,2.0
-5.642258323216456,0.750296223702688,9.007618603170833,1.0,2.0
6.265056310858234,0.4537544226653616,8.319212960690862,1.0,2.0
-1.4232032519031845,4.946592849696446,3.5340788421469997,1.0,2.0
0.9534013356585618,7.442052481818357,5.254192313298525,1.0,2.0
7.256944605524529,1.0083198321716944,7.814257554413713,1.0,2.0
-4.040160793598268,5.101922606113419,-0.5069588936332146,1.0,2.0
2.8285684653899064,-0.12750323779722206,4.807754254475396,1.0,2.0
7.924112759693506,0.9552372137260086,7.9757940224179675,1.0,2.0
10.403440712302958,-1.2629773254383476,5.1149759793200085,1.0,2.0
3.1584037768147897,1.2451356293731055,6.14455883393898,1.0,2.0
1.1820145062597514,5.5627824285955265,4.689647456241459,1.0,2.0
0.5461089041018474,1.0476401540124347,7.992559024014649,1.0,2.0
2.263559768797652,0.9110717669225474,9.360609440919319,1.0,2.0
7.886110970275118,-2.493369852849345,4.021685272486854,1.0,2.0
0.3607080121658943,10.927965743002748,7.080079181305692,1.0,2.0
-0.23875902984648079,1.3112365083876634,9.864037904113385,1.0,2.0
2.8040429044654056,5.356280166759552,0.2717509031374483,1.0,2.0
3.8926404116939843,6.0688767826785845,5.299518599852102,1.0,2.0
-2.028276107599044,5.180708333345702,5.6404569585232265,1.0,2.0
-4.352410144202938,2.027245128495667,5.915295084360879,1.0,2.0
-4.633261900276697,6.747646768851616,2.3789116186349473,1.0,2.0
-1.3889902313235938,5.778766573047662,6.307809921530866,1.0,2.0
1.787100503070406,3.936560331441673,8.736453856002777,1.0,2.0
-6.479195609698154,5.68785680802884,6.735512149782377,1.0,2.0
-0.07052374076619183,2.5889231219073405,2.5878778511743534,1.0,2.0
0.2714467008702588,0.2839975553671268,3.8649537241224277,1.0,2.0
9.333084800721519,3.921496384867301,4.864363379495596,1.0,2.0
-1.5172655252656009,3.038674506641173,10.241607654349345,1.0,2.0
8.916376545241476,-2.118597543571653,5.707396456560904,1.0,2.0
-1.1563290752253328,1.3328111465700017,4.294555734111915,1.0,2.0
-1.88110589191455,4.8064272176387455,1.0867200917452666,1.0,2.0
6.576498447442381,1.8606883926669961,6.951128126288666,1.0,2.0
1.5533203412324073,3.465719229420448,5.1636797909069045,1.0,2.0
2.180753993266319,4.000163624970287,3.0979355562444724,1.0,2.0
3.3793437841964846,4.916830232073829,5.461297066718423,1.0,2.0
-1.0433775003471455,3.481038297338932,11.41920749373444,1.0,2.0
3.7045829534183823,13.71400835187373,3.7523707515128617,1.0,2.0
2.798964522572656,2.832406618748676,2.8437563456271358,1.0,2.0
2.995621038103582,1.986793279370239,0.23184978888559815,1.0,2.0
2.769862628992144,3.731998351394534,7.118304406000541,1.0,2.0
2.3263788225830835,1.0376928499965092,8.66064193558228,1.0,2.0
-1.6690524338717334,-4.808153077937822,4.928887090709209,1.0,2.0
5.323954275616964,0.7343704828903375,9.340782907864945,1.0,2.0
-1.7391103295229442,10.009673666135269,5.020657140308819,1.0,2.0
2.0321880961160206,2.871374751348868,8.409972403585503,1.0,2.0
0.8912667407161761,3.9874121731322725,6.342858621101058,1.0,2.0
-1.5890929140134942,1.46453836351596,7.083467969867006,1.0,2.0
1.013199609402378,2.109898398640892,1.4585438380264248,2.0,2.0
3.7802956830610848,8.463911115465493,0.8445076904983644,2.0,2.0
5.213334228909783,7.542494897002146,4.249156719399534,2.0,2.0
5.437893885536213,1.6538023187595936,-0.5600134948545605,2.0,2.0
10.933312081837126,3.2745240983306587,6.749711421611091,2.0,2.0
1.3005251279016123,6.780307721193824,-0.7686174137079689,2.0,2.0
4.91326376932093,10.452985862645486,2.2532519644272755,2.0,2.0
8.113834607752588,9.160011254513654,-0.6722086510027865,2.0,2.0
-0.871832311043943,1.9272341651862324,2.496690430376947,2.0,2.0
11.091902449608904,-0.49590835456009685,4.804627941276106,2.0,2.0
2.3732822481787204,6.2121476502467985,-0.6680834756118439,2.0,2.0
1.3706794257077153,9.941902462482163,0.0129889009451844,2.0,2.0
7.35694293083723,5.6720218368116875,2.846917498085327,2.0,2.0
1.212587004953992,4.063588552164546,3.0016297539641186,2.0,2.0
3.511223952742175,7.211496522286414,0.26016982697618385,2.0,2.0
6.263240274626012,7.1291522534479075,4.948443101513403,2.0,2.0
3.8862448190962815,8.093454038059445,5.728209291044508,2.0,2.0
-0.5824417894916718,6.42424998298633,4.349066654978184,2.0,2.0
4.779138913406642,2.8177390697476943,3.916091202817853,2.0,2.0
-1.0856864305366585,11.346157002525239,-2.6297093248023513,2.0,2.0
-2.0295720421082004,10.577374547204169,-2.4351213003998704,2.0,2.0
0.04923123081830072,7.414160771574296,-3.405931655498826,2.0,2.0
5.529768082878114,2.113837213497991,6.0236083692149816,2.0,2.0
2.3436148505548617,6.976400085350901,7.693513410958147,2.0,2.0
0.7084801457999148,9.044377283639438,2.342991261838508,2.0,2.0
0.9685046099325376,4.171399504545709,3.547298872743207,2.0,2.0
7.211920023541952,2.899540224148117,-0.6533094015451599,2.0,2.0
5.8513346107184585,3.5783007491840433,1.1587004526547569,2.0,2.0
2.9547950992096297,7.190429449910881,3.73630601974688,2.0,2.0
6.264551499624759,6.4865416392818105,2.4642151827683576,2.0,2.0
2.6294480831686986,11.31186289299744,-1.9755893617582019,2.0,2.0
1.0661028904477088,4.979759144890441,-0.10671213375764932,2.0,2.0
0.7454134186059951,8.718206189370862,2.6408495645127386,2.0,2.0
3.4123852390944966,7.321594865772405,2.6318191471144003,2.0,2.0
0.21006434569976773,7.86033109988686,5.328589885668855,2.0,2.0
3.785777178539272,3.229504641229009,-0.4836155899052066,2.0,2.0
1.0430101695164142,9.644845235382553,7.609653104097478,2.0,2.0
0.530753391405081,13.229100731537219,5.783635220188474,2.0,2.0
2.428246903749786,7.770270184320948,3.679003271493112,2.0,2.0
1.6308474202854197,7.9810168252221425,4.971559621255594,2.0,2.0
7.554148613425251,5.233224804629621,6.491047083794228,2.0,2.0
10.707681900608549,0.8565472449966962,-1.2168044790529144,2.0,2.0
2.042428486833919,3.8355465779030613,10.547358828493707,2.0,2.0
1.768588970571396,8.407010292218265,-0.4351894438264767,2.0,2.0
7.29968441647093,11.510496430568075,1.8677737256732523,2.0,2.0
12.311280598456486,1.8567132250549374,0.32364308492248894,2.0,2.0
-3.1220927592937704,1.8606371219661093,-1.1926165047999406,2.0,2.0
3.814210553345415,7.306071018438923,4.612973663745818,2.0,2.0
2.5933305754196043,9.549466925855324,2.964250314501861,2.0,2.0
10.14559039436065,1.52636409619413,-3.3752830494416157,2.0,2.0
4.284947150848374,8.318885206350574,-0.8488123481424501,2.0,2.0
0.7275007708225103,2.640535358629164,-2.6001392887380357,2.0,2.0
7.609683444011672,3.864072395020819,-0.31062274511448695,2.0,2.0
-0.3186299003549058,5.7823583506770735,0.2680420430109576,2.0,2.0
5.746206039665228,11.416197557250516,2.599102090696064,2.0,2.0
5.3244017989286005,-2.7499604170405254,3.2657904413307906,2.0,2.0
-4.068165598010752,4.2326446791364924,7.442304301022146,2.0,2.0
13.3843053690603,3.582435572319075,6.217534464420126,2.0,2.0
2.3353362503256365,3.2430469449047017,5.673072728392394,2.0,2.0
4.291901282811573,2.262718911242752,9.97679004901251,2.0,2.0
7.3167769608759485,7.74191113184264,4.481729448499683,2.0,2.0
4.334940443585494,12.153895522825096,2.48197117333718,2.0,2.0
10.379200315756243,6.4584947926634335,3.6529563111688343,2.0,2.0
5.611695908538786,2.1283317469741654,-5.141696749923442,2.0,2.0
1.987858469706949,4.451007772529368,-7.67146664000636,2.0,2.0
3.460916193486488,7.379028523969408,5.827889405316997,2.0,2.0
-3.3977848007857876,8.194376719257715,-1.9151227864699458,2.0,2.0
3.7544959103773494,6.740404692546177,3.354569228964129,2.0,2.0
3.2709511748462035,1.5909427841961516,-0.18055961058334585,2.0,2.0
9.987572675730892,6.760556746161123,2.3550978681164976,2.0,2.0
5.411031252246933,6.4928065343747345,-4.612397156513961,2.0,2.0
2.6778010976186293,6.182341253409781,-1.2478576173838059,2.0,2.0
4.475570645431027,4.584070943684933,2.499364608182162,2.0,2.0
3.624411336526162,3.4685992113085873,1.0393755295113325,2.0,2.0
0.9792819029566289,9.210852203100934,4.521485019189153,2.0,2.0
6.049884367185544,11.20620086706552,2.6242591780288715,2.0,2.0
6.652471652626665,12.740390979404129,2.8569312520112824,2.0,2.0
5.553803118014875,7.190072745058222,0.5099205181359594,2.0,2.0
-0.4401232143669347,5.190798252755159,1.7249636834993949,2.0,2.0
9.719448129170205,6.09672581774196,5.878271366625711,2.0,2.0
2.3428347401452116,8.392349442219247,-2.1141653285575654,2.0,2.0
-0.6444062980423113,1.397318570061227,7.933117155180641,2.0,2.0
5.54388352904999,10.80835188124561,4.2052534577696425,2.0,2.0
2.6849896920369383,7.391169412895985,-1.7056057639365483,2.0,2.0
4.987021994416521,6.895308298474868,0.1560001545569284,2.0,2.0
0.5057528430640965,10.6173032867034,-2.4486523444433095,2.0,2.0
5.674542473301743,6.688411204237947,6.357607718876526,2.0,2.0
5.492291980531714,5.118948946053649,2.669721193301946,2.0,2.0
2.560929764980767,10.377328930740509,0.158371507746027,2.0,2.0
-3.140983016862827,8.105950632513528,2.6593032102607843,2.0,2.0
3.9673237655045956,5.566504154723015,5.825668009343325,2.0,2.0
5.6135024045516,2.633606722855832,3.249902302253846,2.0,2.0
8.934990583272564,11.322119116596927,1.316334482268388,2.0,2.0
11.007104255752793,1.209878371749177,5.468993422669518,2.0,2.0
6.929698832570155,5.818629497837747,1.88505405732028,2.0,2.0
1.7275578116832442,6.093975323261057,0.564825829985419,2.0,2.0
0.44358559705311684,8.59593055148633,4.75220893836642,2.0,2.0
-1.6141001803381965,4.5465874157060755,3.2758093057750903,2.0,2.0
2.833582210367301,8.451147116198575,8.594085944632315,2.0,2.0
6.907781667139366,2.6134308549899483,6.3762076471673375,2.0,2.0
4.632794120646128,0.21966767527155207,0.10626630640989942,2.0,2.0
7.898273203832387,7.972468844843192,-1.528007222113675,2.0,2.0
7.7092264252324005,8.099225000104513,-5.1730790439243295,2.0,2.0
-0.4869343657144847,1.8346833221569536,5.520552622982562,2.0,2.0
0.8433939881492263,7.58927996531371,0.7316945234899672,2.0,2.0
2.8601514867406257,5.840448211656616,7.733433751518992,2.0,2.0
1.9878369395529285,10.87263845373345,2.5520486977775074,2.0,2.0
2.949461546811132,5.234819315743386,1.3868089899028238,2.0,2.0
2.4556186139780958,10.164183973612516,5.38720169354647,2.0,2.0
2.128276033649087,7.400909657137034,-0.5719023662331598,2.0,2.0
4.349727672536045,7.847224977269996,2.9880354580029302,2.0,2.0
3.028176709697026,9.72600786858668,0.9825749516365132,2.0,2.0
0.4518818572259935,15.09328362485218,6.292660996472624,2.0,2.0
3.8356774478347035,2.292599068932894,6.531156110456404,2.0,2.0
1.444973786488326,5.240186818305608,-4.551346152373544,2.0,2.0
6.095068152597644,9.613941791234689,0.6778924974795224,2.0,2.0
6.050720311278907,7.733821629995222,-0.9715776901408328,2.0,2.0
9.588371727373868,10.91475251997805,3.6980057632543555,2.0,2.0
2.7516104070754155,4.009177513561248,2.8132494824534167,2.0,2.0
2.416694168021669,7.200643846871544,1.4999342432658713,2.0,2.0
3.7219695253885314,-4.937824200694891,6.814295170909896,2.0,2.0
1.7215956385981874,3.0227518005494876,5.142937058605373,2.0,2.0
5.546252056526812,4.309746327588129,5.467167584019286,2.0,2.0
5.002777589884859,2.2034828285169783,1.7503912376367516,2.0,2.0
1.4917381989688483,4.523757547534076,5.4086215659856745,2.0,2.0
6.045900421283677,6.836249382610972,2.04035426186958,2.0,2.0
9.822616346089816,6.650467312629998,0.029676475318208384,2.0,2.0
3.208134544327101,7.2553956759472875,-1.884772285738955,2.0,2.0
0.9039381460922662,6.124793315608017,-0.5761032207871702,2.0,2.0
6.012498881790759,8.840138985461989,-1.204935103391506,2.0,2.0
6.363538091659954,6.525643693503354,0.34763083517655513,2.0,2.0
1.7519726903323218,1.029133621407298,5.151265195289718,2.0,2.0
-1.754593855915752,7.258575091197858,0.9691732671001203,2.0,2.0
4.344467362312427,4.559121120171204,7.788463665300078,2.0,2.0
3.8254283979267436,3.1045037079716304,0.24838124838682152,2.0,2.0
2.9539442193145806,2.610793290529874,8.314554053743608,2.0,2.0
6.558944266360448,11.646940984702368,1.128332270609539,2.0,2.0
4.340254246771739,0.051587065425398926,-0.3592116632452014,2.0,2.0
2.8573245531093443,5.535604846860546,3.4736719625244463,2.0,2.0
4.302340023052883,0.32209745560038266,5.498073539389919,2.0,2.0
4.404891708322704,2.9669352186867672,12.008932336106795,2.0,2.0
6.743127305928535,-0.6572003703876961,3.3375041023574266,2.0,2.0
8.438273476857548,8.443113479343745,2.094817900092672,2.0,2.0
6.326848533868036,5.981453384084906,5.062160667600399,2.0,2.0
1.8454495676447777,1.3500547115470036,4.077176465108864,2.0,2.0
12.225050071765976,6.843813241218631,0.5829085891616481,2.0,2.0
-0.2953424389481194,7.6103342787508845,3.6560198874454835,2.0,2.0
4.627686859038667,5.893490492937819,5.121230965829188,2.0,2.0
5.694990109169542,9.038838997756141,3.665644456031747,2.0,2.0
8.966514040394925,0.5480034446664241,10.575665990161834,2.0,2.0
7.127743973595749,0.10475221925373823,3.319070917130244,2.0,2.0
4.492785558383251,6.928550756568022,7.362035408741849,2.0,2.0
-0.7805488216917533,0.8559503887722606,1.318503407769081,2.0,2.0
-1.6874992763524865,11.789379259292442,1.8315382952088513,2.0,2.0
6.166373237349686,6.4294330434474345,-0.6517010926482825,2.0,2.0
5.898238076309694,2.6740074341347437,4.113382655563983,2.0,2.0
4.697695291234984,8.98410740570517,1.8722503818616045,2.0,2.0
5.284593926480634,3.05603350369047,5.702391011025742,2.0,2.0
0.021087398279205694,8.134563022818728,7.8367228607575194,2.0,2.0
8.125728120876094,1.649624587132672,5.6529383261993935,2.0,2.0
2.941099307900678,1.7563021498254692,2.896722217087492,2.0,2.0
4.806471318595629,3.960542697432067,4.618998561569508,2.0,2.0
4.478671310249654,6.543522133381531,0.8463533095507096,2.0,2.0
1.7175479797626512,7.408619541949787,0.38867486266148843,2.0,2.0
2.6417777645002003,1.6761883394114883,1.4451540874173976,2.0,2.0
2.6670303146250784,9.150208559885298,5.271364839672014,2.0,2.0
-2.4117102370430485,5.098687740159645,5.332872040540917,2.0,2.0
-2.5068385385205207,7.76182066898186,6.736464872357567,2.0,2.0
2.798632121169738,11.24141308104813,0.9610660116652877,2.0,2.0
1.2555618402378113,4.300488051881025,1.5149360876552893,2.0,2.0
0.7127514288333501,2.848301781629136,5.552132186066633,2.0,2.0
7.037645050812283,6.695252150145262,6.450880959618422,2.0,2.0
0.04687608778353347,4.784642136073051,8.506763242746988,2.0,2.0
4.100086005779518,2.7193886854916762,3.1029792157328377,2.0,2.0
-2.3615164323156055,3.173993699992092,-2.078156212655873,2.0,2.0
3.0914880881477522,4.195634040470928,2.019223760679615,2.0,2.0
5.710033352812064,6.27988982062377,11.579787341999127,2.0,2.0
2.425618669388981,2.5222095393356563,0.5097185285848067,2.0,2.0
5.767430496829242,2.6347396151052,3.040772271215996,2.0,2.0
2.9543535975775534,6.7708160280019625,4.984789708648194,2.0,2.0
5.125590506391392,7.826738326541628,0.31683937115621763,2.0,2.0
5.428623253687782,1.425402002540695,0.6005570712857685,2.0,2.0
10.065462167600527,2.478522628139445,0.34599040925632507,2.0,2.0
0.24807643530120727,12.360324279558151,1.5164508769781062,2.0,2.0
6.626267475726465,11.740910408830278,2.964936575339871,2.0,2.0
2.586594966618588,3.612852151080631,1.54470446497985,2.0,2.0
-3.7425557169140866,8.03692709614134,-2.622381162507123,2.0,2.0
3.6388311890320058,3.888297263933082,9.538502076577199,2.0,2.0
1.3086364787960567,2.40043803523463,2.4800476069739155,2.0,2.0
1.2953065275212161,4.349686868766153,7.11488095992962,2.0,2.0
7.604345368538225,8.147917910652126,11.364337654947064,2.0,2.0
8.5184009270373,3.741549061407381,1.608745010003675,2.0,2.0
5.661391129796756,1.6051110361160914,-2.1104587957505676,2.0,2.0
1.055836417222923,4.871691166639781,2.551651185266564,2.0,2.0
5.8162318743306765,6.447962777703631,4.351817107524409,2.0,2.0
1.191475391985013,6.77953357843808,5.416873609164858,2.0,2.0
3.78882900446586,8.385959695190131,5.399350054907288,2.0,2.0
1.7900906932369662,5.461061713103973,-1.2406381193263116,2.0,2.0
-2.8319262663095643,9.069172041756255,0.16095664849622016,2.0,2.0
-0.5645691102129069,10.39673718708324,9.669847753576803,2.0,2.0
5.143535522705459,10.005439175172697,-0.6033376682582698,2.0,2.0
-3.6001871168493955,9.685258793491148,3.731495226167861,2.0,2.0
7.027873757227015,7.872452359634096,0.5221270361791068,2.0,2.0
8.898398162794821,4.70315155095088,0.512927617285595,2.0,2.0
10.714345822670424,8.107960262959622,1.8644891354517275,2.0,2.0
-0.11599618115737442,8.027033888251694,2.0129348829055385,2.0,2.0
5.749497777362854,3.7696472436344495,-3.135102432155194,2.0,2.0
-0.4053714761578744,7.864204030848582,4.920596645312732,2.0,2.0
5.865840977687836,2.0776202858885373,4.969834775399789,2.0,2.0
0.09394047598763544,10.267740820850207,-2.4635514159574505,2.0,2.0
6.560378571138477,3.2568663708000263,-1.8642707358367028,2.0,2.0
6.4264440871022765,8.283849381670372,5.741914446431878,2.0,2.0
4.02004496132974,-2.505353073481256,-1.9634632608332638,2.0,2.0
6.726058551599904,3.819163604872744,1.3777335629291279,2.0,2.0
3.2914798236339036,6.7905982615849,4.410244418207638,2.0,2.0
3.1437340409894095,12.60420417628289,3.1209118837925023,2.0,2.0
5.660724060700522,4.118949895868776,-1.0925055710591907,2.0,2.0
1.0737753849524836,2.347793346111665,-0.399432609418564,2.0,2.0
8.759400390376584,6.0613114971332775,1.627579209794709,2.0,2.0
11.419408812483926,-0.42495342419624826,0.8618846231582504,2.0,2.0
7.661511930470692,4.057359121887335,2.44610105028716,2.0,2.0
7.634563799106373,3.1639227057604558,5.422784715729151,2.0,2.0
4.706129191948762,4.0190900163549355,-3.2553180387724767,2.0,2.0
4.767030086130353,1.857353609229837,0.3314105538961962,2.0,2.0
3.573645936066743,6.969833153601787,6.154259843727358,2.0,2.0
7.41212886365148,7.817470912801188,-1.9800199374190863,2.0,2.0
5.999082946167768,8.885196203087158,2.904179360640943,2.0,2.0
2.17654347246972,2.533463123043613,4.143344473999709,2.0,2.0
7.23098130727151,-0.6782716635104,5.150639747307046,2.0,2.0
-2.9092701199848685,5.14360315002508,3.2186446668350417,2.0,2.0
3.867943559390318,0.0973828996551882,-1.3314415335739958,2.0,2.0
-1.3838201580640743,3.8488659384107398,1.4854430507000638,2.0,2.0
5.941783219992852,6.652162753931069,-0.5423530129946905,2.0,2.0
0.918943549029331,8.161562484415004,6.831192937176851,2.0,2.0
0.10546188389420275,2.0981630241634477,-0.4084820285363917,2.0,2.0
5.643912593568942,9.946332624923329,0.4420924072893735,2.0,2.0
3.320837966999324,4.85753884767922,2.5085960325421937,2.0,2.0
0.18925895857923225,6.185433439599181,4.517388392701456,2.0,2.0
0.5218511482699197,1.851427335427764,5.066484308127874,2.0,2.0
1.444538249581089,8.17544488897638,5.467703380299444,2.0,2.0
1.9208882734483659,-1.4141865458722012,-0.007383672411845232,2.0,2.0
12.349892736721383,-0.9233841844901536,1.638351355753564,2.0,2.0
3.574341098241837,-0.2764670675608105,1.7665115876478938,2.0,2.0
6.3601733631785855,9.160824126348619,2.48345769894513,2.0,2.0
8.031074415618182,3.3346297637155558,4.775188494666743,2.0,2.0
2.992018805144762,9.83251989321131,3.298962317124486,2.0,2.0
1.5981393460421278,4.880431870288318,-0.5130971344622577,2.0,2.0
7.309725259028051,2.1562368352889365,1.6382433973687598,2.0,2.0
1.4628118747514394,11.239266966193464,0.6751509562224929,2.0,2.0
3.544915122785181,-0.5125686675899885,-1.3323195306333109,2.0,2.0
2.4549952854302424,3.868476117012097,2.6066544882310754,2.0,2.0
1.2493330815030983,4.083266271556157,2.28526950196733,2.0,2.0
-5.091648673595622,6.066819552181116,6.495190230230328,2.0,2.0
3.0825990396159755,13.040015354229912,14.094881621056178,2.0,2.0
-1.6960752742744116,4.4924432972482835,5.584681397888577,2.0,2.0
5.100985275384388,10.957460732625105,2.763990473104382,2.0,2.0
-0.12181643064220826,1.3936927543284137,4.479707323865496,2.0,2.0
9.962220714566866,2.978617456975199,1.6179679835198368,2.0,2.0
4.679706294993086,11.680897001520918,6.2071660115416005,2.0,2.0
3.0836780634083194,6.648524767254608,3.728247216385255,2.0,2.0
6.001736397257507,6.902262594710797,1.0601680508054954,2.0,2.0
7.717957607774436,4.761775414001667,-0.06179624404183581,2.0,2.0
2.5264923235412953,6.540072169453903,-1.6673711546726606,2.0,2.0
5.422165511151507,5.160723583880886,3.0834693146474383,2.0,2.0
3.41904992191919,-0.8742531309687847,3.655035685472271,2.0,2.0
7.913385550762864,6.522878867743253,1.0308254635521221,2.0,2.0
13.223838239407293,6.588414835118483,5.651531045971547,2.0,2.0
0.20621470724419533,7.927689446806307,4.042115347927284,2.0,2.0
-0.15435713889989522,8.487008949003378,2.328067028787741,2.0,2.0
-6.499793240575578,8.652801002411001,1.4420735875649513,2.0,2.0
2.576609219025145,4.555206976801183,3.1560434153977064,2.0,2.0
1.8231353603414102,3.4955965585712465,7.575285816970666,2.0,2.0
4.405419062714858,5.278100376174297,0.8495652253762073,2.0,2.0
-0.27009949730182736,4.916615973688321,-2.8988752608327104,2.0,2.0
-2.8482379856052034,2.5769793329983277,0.1616134261588753,2.0,2.0
1.9747620467683697,6.1164532833418495,0.41035056972245915,2.0,2.0
5.130555091464197,8.892028034717786,1.117398279139703,2.0,2.0
4.17861220003308,4.782810568109985,2.3721465412689198,2.0,2.0
1.5483350665606217,3.526202116955595,1.3968429070622301,2.0,2.0
4.045083979820734,9.971995738730245,4.350004747105025,2.0,2.0
4.73773497184544,3.6631425556646584,0.7544897255066492,2.0,2.0
11.738913205333475,-0.11154629838198904,1.0011378798013766,2.0,2.0
6.324480203102762,3.842611290830675,-1.8189383197324795,2.0,2.0
4.170652715570433,6.322304750794383,7.861450230840628,2.0,2.0
2.341416065090452,7.223897826240177,-1.67131167314551,2.0,2.0
3.8867632997925545,5.880302960839521,0.47685764135860786,2.0,2.0
0.8826100515990261,7.3525642893468675,2.1906713179387687,2.0,2.0
3.203578086863192,2.2160554176672234,3.973256337013698,2.0,2.0
5.694350092101497,5.978688698667696,0.9523646367606954,2.0,2.0
7.437507564128096,5.264123630596962,1.6751648949120832,2.0,2.0
7.680216992729567,-2.9921964194986432,-0.964306744255422,2.0,2.0
7.706240435477267,6.340354186909543,6.932844023973427,2.0,2.0
-1.068917370281386,3.5416019453095604,0.8413642358259177,2.0,2.0
-0.5297283908532469,5.128938895717369,2.419589889458863,2.0,2.0
4.468534866682555,5.977291672943403,-0.16208191307256276,2.0,2.0
5.6147874659836905,2.1296671266491836,-2.5820824004016423,2.0,2.0
8.746263781679865,10.793254148376718,2.7184376923762743,2.0,2.0
7.05407547315735,8.370073826622914,0.6905721849219071,2.0,2.0
-0.47640524333799483,6.627544852898112,3.2809690631197,2.0,2.0
3.0407006215634156,1.4693223907678652,1.120427644851044,2.0,2.0
11.812442317222008,0.6528237478966024,6.079085684704937,3.0,2.0
3.9218706465603446,2.2941702791021843,1.8633735595306025,3.0,2.0
4.682120541058032,1.8530198168141907,7.709499148944899,3.0,2.0
2.6612100518988058,1.8246485320047414,-1.4477703954602292,3.0,2.0
9.479541897973588,4.4426782040394315,2.93043642311911,3.0,2.0
5.964492484545711,9.763917483650026,8.03966350589241,3.0,2.0
10.418984614394006,-2.5350021722945066,8.721873773842946,3.0,2.0
5.816799214073386,4.837566061706042,2.0151738017761964,3.0,2.0
-0.880550558269543,-2.553381685063608,3.2777416843501554,3.0,2.0
-0.1401898419965768,10.193617630251788,4.571105973224568,3.0,2.0
7.065735460169195,4.5655648248674865,5.412543051221062,3.0,2.0
7.1730627863308385,4.048192599578419,2.945316668154743,3.0,2.0
4.029468316142986,4.05035132772486,5.271449531251241,3.0,2.0
5.086369657122527,1.6977819424617209,2.592300301330228,3.0,2.0
2.759248831352868,6.001566622208958,10.979237023776811,3.0,2.0
2.637902269273868,2.6905717991461335,4.589545616904386,3.0,2.0
4.118241755335413,2.3259142292641135,2.8854245051914233,3.0,2.0
11.626123434613287,2.3613234763604445,8.882044956602208,3.0,2.0
7.447556748470339,1.077913632511172,8.086360134865224,3.0,2.0
1.6173765084196097,4.082911700755248,0.689154933470985,3.0,2.0
5.202883383688744,3.199109025121217,1.355860330253332,3.0,2.0
8.19338712301052,1.1190209383352296,4.576840767317351,3.0,2.0
2.008349860702441,4.723806105807898,1.4658527334361544,3.0,2.0
9.216978198814507,1.712250301892639,2.2508686020786453,3.0,2.0
6.4441564368300925,1.9481497083728803,2.194559354871336,3.0,2.0
3.4184142591133595,-2.2919382642437305,2.417874407472487,3.0,2.0
6.055752108632208,4.522772317912635,1.2564172142916488,3.0,2.0
2.7897319966204908,2.5331481217967355,9.318279608558143,3.0,2.0
7.308866912663075,2.579670048320346,2.869973161229304,3.0,2.0
4.899622686067993,2.6322985899024434,1.7002631727163484,3.0,2.0
4.568358470864537,1.295135177896424,-1.3518304570299957,3.0,2.0
2.0981355469761054,4.366826214062556,1.7013177917900553,3.0,2.0
2.7657917680741217,-2.5883287214758863,9.402363777798932,3.0,2.0
-3.206865498742677,5.007691807022032,12.542148176329414,3.0,2.0
1.9163223145470483,2.7329994960704935,4.269201618146712,3.0,2.0
8.368124838979847,4.668993533299923,-0.18833940014376171,3.0,2.0
1.972074895198129,5.876306480416076,7.947914906824986,3.0,2.0
3.5535422352399832,-0.11116256645737604,5.669701708520398,3.0,2.0
7.03773440895388,-1.7860156154826206,8.157608047388946,3.0,2.0
0.4349848937511691,2.5712844145978875,3.199816224307122,3.0,2.0
5.186945068698366,3.763288180142035,-0.8193752977589657,3.0,2.0
5.50370819787574,5.77493152729709,6.8688031382209065,3.0,2.0
4.729809771310279,6.091208883216634,5.071826120970163,3.0,2.0
1.7734964779551523,3.4850394327806007,3.1453829928162076,3.0,2.0
6.472366776799548,3.31058772543624,11.818661826421407,3.0,2.0
6.100732176986072,1.2665623929397818,3.3884504960536415,3.0,2.0
9.689737119652428,1.5684364621307796,3.525941572562176,3.0,2.0
5.291028688177347,3.744705697574354,3.6734599106987216,3.0,2.0
11.441141490091942,-0.18704846998226105,-0.05109964241464815,3.0,2.0
4.025404607303519,8.677940936351204,4.160667043538857,3.0,2.0
3.0302736896607283,3.076015229974547,3.085193252194437,3.0,2.0
6.467343677287843,7.585703553809331,3.327268014705826,3.0,2.0
6.223119187156357,-3.081027929557086,-0.49260240683182355,3.0,2.0
6.586903900663329,-2.51244208569638,3.2357723431734664,3.0,2.0
8.452950507945992,6.737429723535113,8.244307266221744,3.0,2.0
-3.958454404356708,4.1104043448654135,2.9375029694720673,3.0,2.0
3.0095976884696336,-1.5364818189834155,-0.5417851034510441,3.0,2.0
12.337876298762055,0.33754608267734343,8.838446019289588,3.0,2.0
7.068178462913245,3.2790434832342976,3.120436032734637,3.0,2.0
8.82240706918726,-2.9887136267347354,7.101706437996314,3.0,2.0
5.7564755482628875,-3.590735535039073,0.18490159013187624,3.0,2.0
1.1613817732209952,0.910886496208654,5.928989252012279,3.0,2.0
8.446762397958443,-1.1372233793622628,6.51201575921751,3.0,2.0
5.551248312948164,-1.1329152665495528,1.0245250897676665,3.0,2.0
6.200138482695633,2.829191439880492,8.528362943810045,3.0,2.0
-0.5269636210428881,2.7905135787401245,8.716796042051222,3.0,2.0
6.504117416164476,8.650196023652686,3.0348057510639217,3.0,2.0
2.3067647207095625,7.046879905744316,5.6154693150306985,3.0,2.0
4.35989560216112,2.978565468912207,2.900714159581182,3.0,2.0
7.680014368799527,-0.9213509003201339,0.7668265726687967,3.0,2.0
3.8675012336572756,9.345445369482693,2.195385775674473,3.0,2.0
5.227103904105603,-4.395273092905046,7.246455415377228,3.0,2.0
5.559851494067979,1.7310282182508345,2.8353881000439447,3.0,2.0
8.240295933711373,0.16235825330001896,2.6651927096596983,3.0,2.0
-0.8893394683634779,6.304800559636884,9.142104565474801,3.0,2.0
-3.0947545611516274,4.439883864511492,3.5359404832461667,3.0,2.0
9.284754010958961,2.4379376403908344,2.9871240894703934,3.0,2.0
6.028819785820466,7.930379907577765,3.1789489490408522,3.0,2.0
7.677231232146875,6.489340021704962,1.0076585645451557,3.0,2.0
2.0101319455759756,0.4833935973541541,9.732840500883965,3.0,2.0
6.525596095547781,-0.5697342102615863,9.154267596145516,3.0,2.0
1.681888924879337,1.813412092604196,7.876835134677048,3.0,2.0
3.4547400459882924,0.7394269995151173,4.67362552224102,3.0,2.0
5.633190772101956,-0.501155490715145,-2.7326838724515796,3.0,2.0
4.190601107819563,1.5726375910759727,6.9545812420507165,3.0,2.0
9.083301923907682,6.047163535210945,0.5249703225161095,3.0,2.0
13.081633570434656,1.5063494979676895,5.544848920261044,3.0,2.0
10.971575848334279,-5.0976577964342695,1.1212154488053203,3.0,2.0
8.45516425978188,2.2828804670427245,4.412852484613676,3.0,2.0
5.167346037699756,4.765845784275174,2.1571633267447723,3.0,2.0
7.929565152934151,3.047499260322208,4.1317964988688,3.0,2.0
4.296066601100445,1.7214065699107295,4.638644879558501,3.0,2.0
8.029844862014958,2.767344923956835,5.821425548826017,3.0,2.0
10.41655277907907,3.4011297390331627,-1.708684909635585,3.0,2.0
3.3425377932820934,3.8159701239509953,3.4197028319738156,3.0,2.0
5.362628446235816,-4.094579302565499,0.6080367902392164,3.0,2.0
6.8323121116880685,-0.3058141577559981,-1.879546154947401,3.0,2.0
-0.8804203220124918,3.5587165924034583,-0.6728128240475826,3.0,2.0
2.0527708549751114,6.934179119931911,5.432086703298123,3.0,2.0
2.0213231441799957,-1.7970188170267645,2.6633439553693767,3.0,2.0
3.002512475279519,3.111395701612016,1.2027120602985457,3.0,2.0
3.2529161366880897,-0.9847864943858913,7.515771723838455,3.0,2.0
6.049974853111026,2.4040740387775608,0.39785324347600737,3.0,2.0
5.106139868134057,9.02254428611145,7.19341054902644,3.0,2.0
3.9061484391636014,6.6043251793076685,3.6211686192188806,3.0,2.0
6.570185866878623,-5.900385673728568,3.8283011732077465,3.0,2.0
0.24884719250240916,3.587317093376055,0.7807147071021274,3.0,2.0
-0.11403969329226626,5.348785648512961,6.1728831269461475,3.0,2.0
10.381994810431383,1.367003396233338,11.453111809348362,3.0,2.0
5.585485791164929,8.5279337921782,8.722952288295161,3.0,2.0
2.6169623747383426,3.5295113907418076,4.7681470440139275,3.0,2.0
9.250711588642591,6.350101941870888,-3.4361130247795835,3.0,2.0
8.909389263265487,2.3344901390228694,2.3903310975328376,3.0,2.0
2.3503174519544014,5.152265084012894,4.224138057322723,3.0,2.0
9.025589634602731,5.792522857684904,-0.04343621889751281,3.0,2.0
3.917990104571728,-2.414650319438087,0.18098494126939846,3.0,2.0
3.2034162830597053,2.0908248416685575,2.969290495592376,3.0,2.0
9.224593192962201,-1.6803354283386291,6.980135527710117,3.0,2.0
10.076514878134883,-1.6873194060952654,9.713718330532316,3.0,2.0
6.294224627249358,7.124311691977047,-0.9607637385738752,3.0,2.0
6.325451278240227,1.2257520438041793,3.8985727219799355,3.0,2.0
0.8715944188286819,2.2144851734028776,-0.7791078980519324,3.0,2.0
0.824463902585844,3.919026942286734,4.7469620613483565,3.0,2.0
4.647500452313353,3.370216970417186,3.9746536801729477,3.0,2.0
9.186972206482077,4.472076871115808,2.018532636087885,3.0,2.0
6.310051638953662,1.4311130330910167,9.381172087600966,3.0,2.0
-1.796269788084686,5.567574048244696,0.18939328233527286,3.0,2.0
9.964007798655944,1.630237255577652,5.772527038590333,3.0,2.0
7.509456800649402,1.2003751106525709,4.236986502744446,3.0,2.0
8.409253022474482,9.424240822589384,8.672414091895043,3.0,2.0
12.22175224887971,3.86424846120198,2.2429203047799104,3.0,2.0
4.499402018968825,4.053632199701753,2.602578614114099,3.0,2.0
4.346194163400548,-0.7605782771617751,4.0453599261168005,3.0,2.0
2.459944309631483,-2.029824206809074,4.515199681265146,3.0,2.0
9.386178721446269,3.1138823501578967,3.376518797571122,3.0,2.0
3.7808562617921346,7.601018500026622,7.650564492081879,3.0,2.0
4.0361752232157935,-0.5591219330454134,10.143661594333043,3.0,2.0
8.541101293051902,4.2421897017025,-0.1985018286061635,3.0,2.0
5.414287912894418,-0.28125665120994414,2.0703175284214725,3.0,2.0
4.365463031481843,0.4713811414243847,4.692924891722683,3.0,2.0
-0.11443156416697953,0.13801110300090413,2.2871946082492567,3.0,2.0
7.262200287768161,1.6908392354281627,3.7718217988289706,3.0,2.0
9.50745526690023,1.4548645181487567,6.210591727427243,3.0,2.0
-0.5028355313163506,3.0033200834761087,-3.565421636118356,3.0,2.0
11.416788919777193,0.9213203409550362,-1.0448387944367137,3.0,2.0
2.809878796587247,4.088462751410578,2.893854463616568,3.0,2.0
2.712048656782916,2.3793856117328867,7.1417792042748705,3.0,2.0
9.9778877473082,2.921804438711508,1.9338844813700757,3.0,2.0
4.064020736390902,7.046618383877465,6.485156878306631,3.0,2.0
6.210441352907897,0.6563601614722102,7.892043846331624,3.0,2.0
7.298015513881696,-2.983974349047824,4.58537111645239,3.0,2.0
1.7027803500970387,-0.44480029649233366,-0.4429421001433982,3.0,2.0
8.177157570289614,4.951504290582303,5.627016144321379,3.0,2.0
10.846666531895865,4.806519923083629,3.6189940797908164,3.0,2.0
-0.25991104052095126,-0.030777354448169536,0.4293947494234742,3.0,2.0
9.70698559681558,2.9149244945158412,2.4431162247459612,3.0,2.0
12.663161281015075,1.1695751965897607,2.8693007038905383,3.0,2.0
8.34780454271028,3.4472084942535695,5.541372603109261,3.0,2.0
4.497515034940626,4.76693982948654,6.746488097559261,3.0,2.0
7.453863092507297,2.0677217976528897,-0.8765987312244126,3.0,2.0
5.8044190044555855,-4.549257292021653,3.024152068125687,3.0,2.0
3.6291502992836904,3.221430193523556,9.569642861001007,3.0,2.0
5.746306395149514,3.8904420176388994,2.5615159573661663,3.0,2.0
2.2342451712408327,8.115518704619967,5.597425385014695,3.0,2.0
6.441275176434593,3.9190392802643204,5.422636391683166,3.0,2.0
1.903014544333522,1.7168700243171977,4.370532771203541,3.0,2.0
3.158134127205762,-0.8978984464059949,1.8397224488537192,3.0,2.0
11.070705338750951,4.810683739292419,6.4070674807653045,3.0,2.0
8.324257716304949,1.4174450366811429,-1.4682996567007573,3.0,2.0
0.1903471215736945,1.1371234644924288,6.168194420437532,3.0,2.0
8.443752236006754,2.7772365543498747,7.057426006996662,3.0,2.0
6.434059052686729,-0.4203478955139386,4.217442548037852,3.0,2.0
8.03762681718048,-4.3485511479662575,6.552995739211667,3.0,2.0
2.07370580760917,1.3848537030566594,-0.1784886961138481,3.0,2.0
12.171329063716064,-3.3884495419627965,1.7360193634500838,3.0,2.0
6.62626505083411,-2.413204324177406,5.501670225030014,3.0,2.0
8.347193248458117,1.2150441247460582,1.7196755385284748,3.0,2.0
6.808241846600142,3.5449110710624487,-4.315072371898474,3.0,2.0
6.529879249377229,3.8260937584434833,3.0137732658088656,3.0,2.0
-1.173124753959366,-2.1852146597201014,1.9125577284140636,3.0,2.0
3.872235158330902,6.63907143159994,8.56058182095235,3.0,2.0
-0.5068302983037882,2.1368134248688855,7.9799902128643865,3.0,2.0
-1.7101503816270365,5.29473013790081,1.593057652902825,3.0,2.0
4.589179512333332,4.474680035500004,4.104631972965642,3.0,2.0
2.3593922369661477,3.71833977320755,7.497815356082477,3.0,2.0
8.546648827258638,-0.438760356244113,5.377628757884972,3.0,2.0
4.287182525404696,2.093226104601999,2.7573796583208097,3.0,2.0
8.19175012002976,1.8650209398756175,8.289285941188266,3.0,2.0
6.053678915846648,1.1144418411197907,-0.36228058405660724,3.0,2.0
5.790393293658895,7.717955776778216,4.543810417024385,3.0,2.0
5.395745987068915,-2.185127273700204,-1.4828658192279653,3.0,2.0
7.387798137392982,-4.457171803986833,3.1703434434111357,3.0,2.0
2.1937951208673097,0.6629661022348348,0.9049161546092528,3.0,2.0
5.866858199365394,1.4728034464901174,4.3696438445755765,3.0,2.0
4.210007463467707,3.1092140642700086,4.8119848500900435,3.0,2.0
4.026041181088368,0.9553250727953178,3.386199834310532,3.0,2.0
5.829532141305202,7.4487734634890685,9.65999563920118,3.0,2.0
9.387397762492395,0.5649976081573287,6.688640690227956,3.0,2.0
9.861687085275953,3.0175261764618924,1.0935864704288365,3.0,2.0
0.806242966008452,2.255792799406419,1.9184386771230897,3.0,2.0
6.905002952420349,0.9677444905687018,6.947311235980721,3.0,2.0
5.945712677347929,0.13906491149473243,3.44417781094071,3.0,2.0
6.474552095830243,-2.3807961822349357,5.8166602429273535,3.0,2.0
4.307523549305977,3.7121616211584514,7.4737361961404725,3.0,2.0
9.881301251918227,-3.7331882650492783,0.7331949120994041,3.0,2.0
7.745501689288252,0.807995521184127,-4.228783577446515,3.0,2.0
9.269112488106419,8.0307276406018,4.009013643569396,3.0,2.0
7.997703039838974,5.576771243543298,14.268528562195987,3.0,2.0
6.415930130705244,2.2636059580256873,7.656583816084437,3.0,2.0
5.903943697641496,-4.576089633179722,3.943660526549457,3.0,2.0
2.431684000263568,-1.7765556260367887,2.4257756821149163,3.0,2.0
0.879389628019446,-2.5195601935969694,5.0888517170692085,3.0,2.0
9.007855630055364,3.930353997365648,-2.5823312578065964,3.0,2.0
10.582090792446218,0.6542081437391276,1.2631742864218354,3.0,2.0
7.65680691014271,0.14441832383233888,7.866287958051607,3.0,2.0
9.64086800805562,-0.7082101280107183,2.27972530463357,3.0,2.0
7.227261039323358,-4.073981911227396,-1.1119961518189356,3.0,2.0
2.6260896132356377,4.783595127116803,-0.801528042819482,3.0,2.0
5.985484677119405,0.6804228361368303,7.53139023315934,3.0,2.0
-0.012168770005862362,-0.10807319794485726,1.3719737759576853,3.0,2.0
7.033561890111898,-7.61147660778008,2.042478183117802,3.0,2.0
9.861009086065582,-6.495616547935385,4.104183187984931,3.0,2.0
-4.007259110465805,-0.3995890480111344,9.088503314065022,3.0,2.0
10.87822453573549,0.7423369346798818,6.968224871990948,3.0,2.0
2.6220093953060886,-1.6053462171690602,5.973355789923403,3.0,2.0
3.4889938508932987,4.273516517982069,5.651734304585033,3.0,2.0
1.5006928442185652,2.1268948452661434,4.53124524757854,3.0,2.0
8.008973575026992,3.538126782036384,4.482695268036042,3.0,2.0
1.912344507901176,-4.828316068834282,3.3373586612607817,3.0,2.0
8.935782716063265,2.231816155741302,4.178597451404904,3.0,2.0
6.447768044809789,3.417395137078697,0.3370583157906828,3.0,2.0
6.261154102719079,5.783278640153298,1.7796755250012515,3.0,2.0
8.180631672473304,7.759432235418371,2.3043118665490328,3.0,2.0
7.730239738677202,1.3474635930375864,4.012631609868631,3.0,2.0
4.281081390185448,5.832561937819494,8.797250374994903,3.0,2.0
7.069604742660064,7.273547836836639,-4.003449640030071,3.0,2.0
5.0794541678638545,6.078330429077947,1.1789667139897075,3.0,2.0
5.144088535665313,8.999302635616782,7.002489273012962,3.0,2.0
10.604263200658469,1.0908600929215697,0.9057639205788499,3.0,2.0
4.794744212276609,1.238664091855731,7.5064676228764124,3.0,2.0
8.054578917140772,-0.28255945738584565,7.348921326865808,3.0,2.0
3.319143729986076,4.350723131665874,6.6703174427610605,3.0,2.0
1.767646579078252,1.541531865414258,5.1603640463855225,3.0,2.0
2.7028440431681577,-5.193930929891193,-1.4610583061132165,3.0,2.0
2.899017984949603,1.49484260089356,2.561170373019675,3.0,2.0
0.15398417796851982,1.7807861328802956,10.502334160521684,3.0,2.0
7.422144050961412,1.69997086657547,1.5272244471212062,3.0,2.0
2.400444138329503,0.9453793935929731,2.0996000301362794,3.0,2.0
7.875218517593975,5.553437824585087,1.5642061816912776,3.0,2.0
5.6354853011612684,1.129800003291727,-2.6595046374866484,3.0,2.0
6.500867035627515,-0.8495471267459664,6.576927267066059,3.0,2.0
2.596274845043496,2.680332980173668,3.9719469451792477,3.0,2.0
4.2032059956854475,-2.122226972030891,-1.180528204653914,3.0,2.0
5.564795178971064,2.580863651113394,0.3109139948164994,3.0,2.0
7.972385906515667,-3.6079093784716267,9.358390836741103,3.0,2.0
3.531679198785378,1.8592714177933156,4.053424895799086,3.0,2.0
7.329866084768427,-1.589879761028206,8.61804725987669,3.0,2.0
3.257322541654712,6.800151449366455,8.475206038066423,3.0,2.0
1.0938714216556638,1.9444669426618053,0.16193676706977111,3.0,2.0
6.405972261856077,-2.681150143586271,4.525050489011422,3.0,2.0
2.576643629960653,5.256736329930952,1.7864807765883866,3.0,2.0
6.27632321020571,9.192440017614626,3.910906347909495,3.0,2.0
4.317909950897718,0.828175927126511,4.3236554642934,3.0,2.0
7.565857966068735,-0.7790149858859219,6.781465853355451,3.0,2.0
1.5307026472471037,2.4638170078529975,6.068724324248931,3.0,2.0
6.5482481076648416,1.4569529243443864,3.316618847281102,3.0,2.0
5.784625660850182,0.2540748717317938,4.287773791199852,3.0,2.0
1.940729195985205,-1.4073594824690647,6.311957998811342,3.0,2.0
13.637565632719388,-2.3993468514829033,2.674825109393014,3.0,2.0
12.480100586692236,8.647959116975455,2.32985008469326,3.0,2.0
12.634953904649741,1.8893420788635062,1.264025418346336,3.0,2.0
3.909448283151363,-1.2151532043861164,1.954489811206052,3.0,2.0
5.532078457527717,4.639919469334286,6.828672919217838,3.0,2.0
4.8906310676514435,4.818150200311296,3.767121007628876,3.0,2.0
4.149628182301987,8.793528641710052,2.0360576957857788,3.0,2.0
1.1186865105679589,9.239921835569366,5.874848721732581,3.0,2.0
7.909156528354076,3.7704966830302418,4.159421154821824,3.0,2.0
8.910603220706333,1.7192592822524537,11.28765959424339,3.0,2.0
6.2790014314941835,3.7737874156633544,5.401408841976937,3.0,2.0
7.493625143275504,3.642413020499521,9.143757143449331,3.0,2.0
8.523073880563354,8.680397568801851,1.8473872444340043,3.0,2.0
7.055438180233169,4.879851408765244,2.495490888748282,3.0,2.0
12.178856575610567,-3.3181080248719317,1.817525422997929,3.0,2.0
12.391683422843606,1.0603169186566945,8.144922396847047,3.0,2.0
6.687802989388439,-5.828400397026788,1.4247323667893128,3.0,2.0
11.997555568908641,3.8278568997235647,-2.0863602695511965,3.0,2.0
6.517739516056138,7.142840091574289,4.2994473216446165,3.0,2.0
4.687273519673664,7.349453685756872,-2.0903918401094983,3.0,2.0
5.912942780471109,-3.142166364220373,7.74911921217259,3.0,2.0
6.93146776615478,-0.2028964889510918,5.77419939234856,3.0,2.0
7.832094426095196,1.4681017980724644,4.455202109121002,3.0,2.0
3.4186553129580117,8.332985168028442,2.007551732116828,3.0,2.0
8.133880285774124,5.769643006905093,9.162047513690915,3.0,2.0
2.4828125656875963,2.136524997004692,7.233080497037108,3.0,2.0
6.452404218746955,0.14618075380803608,7.241285351509132,3.0,2.0
3.8579488563912294,4.758553316540256,-1.2122598969519425,3.0,2.0
0.483200483238142,0.5099831501195439,3.363590642851978,3.0,2.0
2.0839525424363954,4.042205463268496,0.26793360523331256,3.0,2.0
7.27390239173062,0.4087267725990754,2.8901605904995384,3.0,2.0
2.2509783895673654,4.924280353308558,1.111604381926278,3.0,2.0
