x0,x1,x2,y0,y1,y2
2.0828409973863873,3.2408919843472046,8.596923377820712,1.0,0.0,0.0
3.2313736768462196,5.036074552300747,3.091721242936572,1.0,0.0,0.0
5.250128539002179,4.5529626053970995,5.001187865205359,1.0,0.0,0.0
4.914120307973143,6.2297235635932635,6.684332036693038,1.0,0.0,0.0
2.7637155253942556,7.272780840436273,10.10693078078299,1.0,0.0,0.0
3.03039961951851,0.6035981565417589,6.397966934263547,1.0,0.0,0.0
0.9822892721447504,3.701353766222104,5.980483488111982,1.0,0.0,0.0
-0.9957033475506606,3.730748438103764,7.678947214453371,1.0,0.0,0.0
1.749619293362024,9.18597953998703,6.420773718730028,1.0,0.0,0.0
1.542802993680869,6.035318196096691,2.385820443701099,1.0,0.0,0.0
4.3448337951741784,3.3218982796119985,7.213491345768905,1.0,0.0,0.0
2.4447123574543292,3.0373637543672256,3.7273434930976626,1.0,0.0,0.0
2.1207126422000586,2.640620990460615,4.733690271012046,1.0,0.0,0.0
1.290620782982676,1.4600519610049476,5.342722430890575,1.0,0.0,0.0
4.516598825705428,5.506246132974864,7.049412518197038,1.0,0.0,0.0
2.4942122354856973,6.3907061101966,5.680021039719269,1.0,0.0,0.0
3.457397535656117,5.112936271052761,8.246821370658298,1.0,0.0,0.0
0.6433019914932974,5.694703428356464,7.407938575580305,1.0,0.0,0.0
1.4085794423216011,3.5141831918602615,4.344104140372641,1.0,0.0,0.0
2.7836590363019704,2.5874891498038246,3.646824333907986,1.0,0.0,0.0
2.3052561172141717,5.076902148066428,4.663569978750141,1.0,0.0,0.0
4.358602498076465,2.499965669805846,7.682415342826275,1.0,0.0,0.0
-0.14889325089366223,6.429310034262834,4.8860570889959085,1.0,0.0,0.0
-0.7414756525302074,0.6470018556116282,7.5482440745862895,1.0,0.0,0.0
6.663277322514585,-0.04586906423765491,10.306017210320224,1.0,0.0,0.0
2.5487258361625322,4.106638111191465,6.258291714497506,1.0,0.0,0.0
-0.19520830574241765,5.96541876611354,6.28418523089786,1.0,0.0,0.0
1.4934387110632417,4.704986988817991,6.262364129082362,1.0,0.0,0.0
-1.631566465416787,1.617809596096012,10.209723593269885,1.0,0.0,0.0
2.215639318543487,0.722552350333707,3.7593640998325504,1.0,0.0,0.0
6.402503821164926,2.721861619655739,5.586644256328667,1.0,0.0,0.0
5.824372420123793,4.398779759322704,5.651827803740614,1.0,0.0,0.0
2.172055033611392,9.788709579795096,4.905560002735258,1.0,0.0,0.0
2.4338872857813105,6.0585769648936605,5.908467493946848,1.0,0.0,0.0
-2.614605726379837,2.84230703815354,9.114512590360746,1.0,0.0,0.0
6.411375309257627,1.8319934232984547,6.214604493631608,1.0,0.0,0.0
3.3078732200598107,3.5059996189036955,3.064271151942516,1.0,0.0,0.0
3.593823472477353,1.6452839014520961,4.4098936921254985,1.0,0.0,0.0
-1.6993424878729815,3.002572163508857,7.8061074293999635,1.0,0.0,0.0
-0.07085308846398508,3.6874000631768595,4.972525597949581,1.0,0.0,0.0
1.350429634492195,3.1966158146181147,4.8492199915050005,1.0,0.0,0.0
-0.4885349912797208,7.744093684237555,3.157491160793071,1.0,0.0,0.0
5.220380257152277,3.4562921012131214,9.305506646803412,1.0,0.0,0.0
-3.2924009767123983,0.49221356557171975,5.425125526639867,1.0,0.0,0.0
1.4677082881980272,3.794822975645417,7.286491470011019,1.0,0.0,0.0
5.198934345884371,2.316158374222967,8.955505277100052,1.0,0.0,0.0
2.1913164346343743,4.828735695887612,5.386356404441988,1.0,0.0,0.0
7.124070770654386,4.035338650342369,6.355640325755493,1.0,0.0,0.0
1.5849315595044329,4.512391529886753,7.552130714267814,1.0,0.0,0.0
1.56999728519215,-0.7635983573942511,6.576981246754999,1.0,0.0,0.0
0.19921619555111403,2.2461500899349325,5.593877968787467,1.0,0.0,0.0
2.9559804845179967,1.3805543240289568,6.1171794663867125,1.0,0.0,0.0
0.7775536541113106,3.473642028245952,7.805054575389378,1.0,0.0,0.0
0.014852151331654295,1.2277278160721867,6.498160898861372,1.0,0.0,0.0
-1.4976765475624307,1.7648640744561739,5.290651684615681,1.0,0.0,0.0
-0.9330383213032165,4.7680642445885475,6.862692810933217,1.0,0.0,0.0
0.6261367062446443,0.6603840817300037,7.138644195453754,1.0,0.0,0.0
-1.179028054185401,3.1688336130849453,6.483290739493434,1.0,0.0,0.0
3.3074139114352303,3.647464269575677,6.482736424676817,1.0,0.0,0.0
0.03507510210699971,7.4050517729104595,6.5220947618555485,1.0,0.0,0.0
1.6075018093503346,2.319136417258794,5.296846105057471,1.0,0.0,0.0
1.7596328576480045,2.7477094786296834,4.652110720444312,1.0,0.0,0.0
-0.15904654754180372,3.8426498487405634,4.4645007012824305,1.0,0.0,0.0
2.453604045029758,2.5562709483031565,5.713181109997379,1.0,0.0,0.0
3.35994525554698,5.210698010652026,7.717152959565713,1.0,0.0,0.0
1.9488146679789038,3.5244138268161165,7.12978806728022,1.0,0.0,0.0
3.3678828184386127,7.863269625644866,7.142785518618051,1.0,0.0,0.0
0.8415218920252729,2.4223688200068794,5.7220036605824305,1.0,0.0,0.0
4.460108093525664,1.4450715464548272,7.714217672338215,1.0,0.0,0.0
0.797006875322873,5.131232996475117,7.07321716082995,1.0,0.0,0.0
1.6137112734038657,1.8341010447969126,7.068519571157534,1.0,0.0,0.0
4.2072945109309865,5.757964486676283,6.2465448174462646,1.0,0.0,0.0
7.187633349283724,0.7712996401244493,7.511110012837743,1.0,0.0,0.0
5.947429153161788,0.5855373876595259,3.525978749764186,1.0,0.0,0.0
3.2251237667685517,5.181319546559534,6.638167527037383,1.0,0.0,0.0
1.5787528507730568,4.903771044862413,6.448242003999344,1.0,0.0,0.0
2.0333678217099407,3.6473076232699664,6.74097081528659,1.0,0.0,0.0
-0.4665161824399314,5.042070973054994,2.8142552656465543,1.0,0.0,0.0
1.749705477342645,4.774683818590846,5.057188068596049,1.0,0.0,0.0
-2.163470113511111,8.051164439966982,5.971127139090507,1.0,0.0,0.0
-1.1970824227176502,-1.9998045929212136,8.387462985513642,1.0,0.0,0.0
1.8114334118958926,4.267038955085756,4.248892502282354,1.0,0.0,0.0
3.348473723197816,2.815473876136156,7.836351509456623,1.0,0.0,0.0
-1.9078755319886285,4.022600832294967,7.831962889751075,1.0,0.0,0.0
3.06343144796985,6.1980509507756745,6.445395999208511,1.0,0.0,0.0
3.967107412917842,3.332527479165422,7.154058611960502,1.0,0.0,0.0
5.288881677817508,6.134606408218122,9.428205965690813,1.0,0.0,0.0
-0.2276232278437691,2.2217349716593255,6.431184383185682,1.0,0.0,0.0
1.3090865542369947,4.426956438318171,5.293387315006817,1.0,0.0,0.0
3.516862789586872,3.2961400632741924,3.6319588764052106,1.0,0.0,0.0
-0.3204097379786925,4.85299190284,7.963537065236352,1.0,0.0,0.0
2.1936877241697363,0.6697085555589335,3.2092976302628076,1.0,0.0,0.0
0.9267784152355552,2.8481131154626063,5.849382408981405,1.0,0.0,0.0
1.7680245117152775,5.963263493938323,5.806564749043325,1.0,0.0,0.0
2.4163257747235574,4.485684549592549,3.983034271045193,1.0,0.0,0.0
-0.4787606812298084,3.422217895986088,3.950486606844969,1.0,0.0,0.0
2.2506986898290555,6.013725908509045,6.521206028391649,1.0,0.0,0.0
-0.31288395499885,1.262508121857576,4.32826790764412,1.0,0.0,0.0
1.673878495862538,8.286403902078124,9.287694913221122,1.0,0.0,0.0
0.5507623494047484,3.7626964133232077,5.2254343259698555,1.0,0.0,0.0
9.838064765323349,7.023287156026777,0.7955833220478252,1.0,0.0,0.0
1.1154361599600309,5.9769980945843555,3.24086819474689,1.0,0.0,0.0
-1.2882438685954243,3.0964751173298772,5.599368433603365,1.0,0.0,0.0
4.269497928072088,1.8121937893352713,3.04552240836755,1.0,0.0,0.0
4.002968982206346,6.163912225526593,2.116442527659429,1.0,0.0,0.0
-2.9220486275415594,1.053764595558969,8.807058451903215,1.0,0.0,0.0
2.717653986657563,5.549875976365935,7.932863571381226,1.0,0.0,0.0
2.5683200676734286,4.769311198798509,6.7221045209807775,1.0,0.0,0.0
1.0019506093080248,4.203552138171982,4.547275805005045,1.0,0.0,0.0
4.567649333974054,7.20044196049326,5.488419625117843,1.0,0.0,0.0
1.9386068088705835,3.415197338387315,6.485254294056143,1.0,0.0,0.0
3.7375813184244278,8.367335167924779,5.577736318696382,1.0,0.0,0.0
-0.5665520529858028,1.5005966113389562,0.6804537563655448,1.0,0.0,0.0
-0.33303631735648753,1.8791310024409489,8.774794035439209,1.0,0.0,0.0
0.16500803540345998,2.0121276827966317,11.69320375432974,1.0,0.0,0.0
3.7137968419476355,3.125193393161486,4.289583108605788,1.0,0.0,0.0
2.611152905706883,5.9600829321447115,4.8435834635934025,1.0,0.0,0.0
-0.9464773141319451,3.7509769342655486,6.877198046232079,1.0,0.0,0.0
1.3495950365873675,2.6774294753528354,5.524768870689449,1.0,0.0,0.0
1.9249838876282783,4.361823927791602,6.832586504967741,1.0,0.0,0.0
-0.20846803148081916,2.6003230362686853,8.103785499527566,1.0,0.0,0.0
3.7886190004731106,4.446599667499515,6.055698310632444,1.0,0.0,0.0
0.4869473512575433,2.00058794029373,5.863434445055706,1.0,0.0,0.0
0.12712291868865333,2.478045584945427,6.337697676406881,1.0,0.0,0.0
-1.1199255584027843,1.8345098175646513,5.163005018080044,1.0,0.0,0.0
0.26195201314584116,2.133168642952474,9.352815996201047,1.0,0.0,0.0
4.394034051433741,0.773955061204449,3.6344178874509283,1.0,0.0,0.0
4.0117449735519655,2.5234857752401543,4.959732788250913,1.0,0.0,0.0
3.015778764470758,6.754289104063952,7.521722147332326,1.0,0.0,0.0
1.877118603449397,2.888733469734705,3.6514512275783404,1.0,0.0,0.0
1.193131229163429,5.742995890430803,5.546841212689161,1.0,0.0,0.0
2.6846105619234404,4.376431110492177,8.233522382406656,1.0,0.0,0.0
1.9936806561739964,-1.8488474134247759,6.36328449189222,1.0,0.0,0.0
3.9412851761272027,2.221655552157842,4.353573243225764,1.0,0.0,0.0
-1.2250446141526596,7.124843916117182,4.89086309062847,1.0,0.0,0.0
-0.538034153160232,3.659586635182606,8.169360973512754,1.0,0.0,0.0
4.918771301030856,4.226309021234952,7.035454653541491,1.0,0.0,0.0
3.438263515776098,3.700006085378806,1.2173186799610143,1.0,0.0,0.0
-2.868699315386488,7.817151334701759,10.225916458948749,1.0,0.0,0.0
3.7350562877366436,4.499224137296741,4.602942348342427,1.0,0.0,0.0
0.9313764650245487,6.133652631702579,7.229523973504595,1.0,0.0,0.0
0.8515142314215567,2.4908717460750007,6.443537158716209,1.0,0.0,0.0
1.298653128676368,4.979048008955444,6.172990631379658,1.0,0.0,0.0
2.8007795547216428,2.224954885830112,6.5478419582990615,1.0,0.0,0.0
3.8935209537817967,4.012274693953486,5.6963124404902965,1.0,0.0,0.0
2.1412651363217394,6.540938968173428,5.529879949762084,1.0,0.0,0.0
6.166120264609626,3.9338193376887403,3.4297261249122055,1.0,0.0,0.0
4.435515121690803,4.421096670241067,5.351236799510722,1.0,0.0,0.0
5.19601458187001,5.755927790742739,9.028573723519926,1.0,0.0,0.0
1.3572885660393514,1.9936343906116596,6.075777370743239,1.0,0.0,0.0
3.952433609185486,7.172935889329407,7.362875747369594,1.0,0.0,0.0
4.679165534820481,0.4908449710906142,4.631425535423821,1.0,0.0,0.0
3.0359726636983844,3.6696032464885446,7.222428240568741,1.0,0.0,0.0
2.949428661391787,2.0436520286750253,9.771727454136553,1.0,0.0,0.0
2.0305670802825997,2.1743411877346577,5.676668166067456,1.0,0.0,0.0
1.1372125071084587,2.3719107024347625,9.694883632566064,1.0,0.0,0.0
-1.5302112129678047,6.399601547745497,6.710805344526705,1.0,0.0,0.0
1.2082842448353077,5.155390842948552,10.007251376298264,1.0,0.0,0.0
3.771221480228749,4.1013240393882455,9.95284589306783,1.0,0.0,0.0
2.218001351736758,3.322830320481013,3.319008727466277,1.0,0.0,0.0
4.873416073346096,5.450679110039889,6.017946419796608,1.0,0.0,0.0
0.999860514361189,3.479558070903877,9.67505701375567,1.0,0.0,0.0
2.0778595273538696,2.249404809989175,9.016233305821494,1.0,0.0,0.0
1.6116658661661527,3.304093955322045,2.6665155928727065,1.0,0.0,0.0
-0.17508297510136867,2.5905810760640624,4.425380760536588,1.0,0.0,0.0
0.32709238583403266,3.5411529927125356,4.718197395560352,1.0,0.0,0.0
2.5841298357692786,8.904499899029737,5.807863135909272,1.0,0.0,0.0
0.089843605321688,3.3936339296015134,8.850623507021965,1.0,0.0,0.0
2.560862780606771,2.5033872734539515,3.2163095641212616,1.0,0.0,0.0
3.2927421658073905,5.623460876366079,6.413051259371244,1.0,0.0,0.0
2.8690425511242648,4.7668129442593825,7.468078609685981,1.0,0.0,0.0
0.765331582496604,7.681445310828716,4.460209233586313,1.0,0.0,0.0
4.995554472836594,3.5272769717277974,4.5410185015593125,1.0,0.0,0.0
4.267335811504674,9.490648275328935,7.468706805557684,1.0,0.0,0.0
0.7725382028848888,7.649518241028241,6.801862550938973,1.0,0.0,0.0
1.004288250595325,1.2837146061324678,7.374964256037736,1.0,0.0,0.0
-0.012920083333540777,1.3893866394006746,5.978150112626167,1.0,0.0,0.0
0.052727563248402776,4.429823063276177,6.939629161944635,1.0,0.0,0.0
6.576253061113273,7.721355903686715,4.496293755731236,1.0,0.0,0.0
2.917879477762232,8.584684959415693,8.20137192969689,1.0,0.0,0.0
-2.198868467332864,4.033135282997308,7.202390157638428,1.0,0.0,0.0
4.131243095025644,-0.3813481549257036,5.340908306502031,1.0,0.0,0.0
5.529148166252046,1.6967351014081848,7.890278112857718,1.0,0.0,0.0
1.4383764827894452,5.508808079244336,2.509844553924432,1.0,0.0,0.0
3.106283558242237,6.0827796943424355,1.4213232249109318,1.0,0.0,0.0
1.2320716752034935,6.789076382921453,6.163871861768011,1.0,0.0,0.0
0.4158615632460987,-0.16924926963243198,5.9194895452500775,1.0,0.0,0.0
0.48630088276997285,0.5624196821729055,7.827920565059228,1.0,0.0,0.0
1.738288607168078,4.511737118160019,4.319960280810046,1.0,0.0,0.0
-2.6079381140494413,4.258398848087582,4.139842388115547,1.0,0.0,0.0
2.2286853047659854,1.0807911701614152,6.569608291009393,1.0,0.0,0.0
2.8891158490194617,6.1249630017817855,3.505383410152348,1.0,0.0,0.0
2.032714105905277,1.826429336389425,6.219969878865184,1.0,0.0,0.0
5.008846210707237,6.582612953855003,4.330067540057286,1.0,0.0,0.0
3.1256967394954582,2.3955368903235383,3.761715658351924,1.0,0.0,0.0
7.319126661319574,1.6484266523903497,6.360456131974393,1.0,0.0,0.0
0.23383425314826428,4.337170016770883,8.462517603488841,1.0,0.0,0.0
1.4926619383643898,2.2866366179241777,6.773199097573388,1.0,0.0,0.0
5.551505955373963,4.98706808345661,4.352454519050498,1.0,0.0,0.0
3.4968384721060315,7.293581262951874,6.850499284692972,1.0,0.0,0.0
2.659749504268521,4.666611360815603,5.738198755151987,1.0,0.0,0.0
3.5908281050243427,2.582969690704081,3.6303829183367897,1.0,0.0,0.0
0.5780494501011622,3.0542374199911397,5.85334463332245,1.0,0.0,0.0
2.634833178489238,6.466890413531878,10.758389126727447,1.0,0.0,0.0
5.3500789141671525,1.9072683091945222,6.356027008174075,1.0,0.0,0.0
0.3696748178182814,5.911814574926276,4.7290983947499985,1.0,0.0,0.0
3.6812257569971374,6.079834182653614,4.7059019007154514,1.0,0.0,0.0
1.5074862547289378,1.5269843143783357,6.626833848025833,1.0,0.0,0.0
-1.3352887704292913,6.189993146050687,2.3656778215291387,1.0,0.0,0.0
1.0638521244858474,1.7162502527621555,7.61409212835248,1.0,0.0,0.0
3.2523170970644655,1.9160524450123948,7.047904817095942,1.0,0.0,0.0
2.8169298007845387,0.39321072343506747,7.58789090700856,1.0,0.0,0.0
-1.132889222563013,7.082596284142536,4.917665015374601,1.0,0.0,0.0
0.881328330220126,6.488024045350616,6.65242801692302,1.0,0.0,0.0
3.5636708267696067,5.372823629698704,5.330510098592441,1.0,0.0,0.0
3.4882419001003564,3.2443515555016664,6.191034254238126,1.0,0.0,0.0
-4.409386317294697,6.656247391462232,4.651786224113923,1.0,0.0,0.0
3.8054771772174316,0.9070931731912313,0.2946594174170949,1.0,0.0,0.0
-0.6060725806480067,6.075111997811537,6.526225448868617,1.0,0.0,0.0
-0.1787897499461062,4.790153211603564,1.7981138130013612,1.0,0.0,0.0
-0.04067197876523654,2.393971409055117,3.023982321814553,1.0,0.0,0.0
4.013665840315007,-0.8207602638239426,5.768427309964936,1.0,0.0,0.0
0.016795706469673127,4.352306551362182,4.243598259932927,1.0,0.0,0.0
3.5416675677849025,1.4228737856299967,1.923185991944182,1.0,0.0,0.0
-0.8661514730399508,6.0363920669431845,5.439553171879448,1.0,0.0,0.0
-0.7378038218083411,3.2877512370193287,2.4854521018100337,1.0,0.0,0.0
2.243944323643172,2.4780086319152,9.063896176738432,1.0,0.0,0.0
-2.008429698783588,5.559346856630539,5.879297372428991,1.0,0.0,0.0
0.23316785148821406,4.475234682417958,4.997622976934432,1.0,0.0,0.0
-0.6910268155823156,4.515821683041624,6.232043073821203,1.0,0.0,0.0
3.5015241927253316,3.924418719250105,10.850485538530833,1.0,0.0,0.0
-0.4097054746019644,3.538961811690713,2.67820787588672,1.0,0.0,0.0
3.5986698802262747,5.287329527764173,2.6559007774538625,1.0,0.0,0.0
3.5512314254258053,-0.824736251958909,6.103501978896343,1.0,0.0,0.0
4.191439196940712,0.3390858336440048,2.875069139094797,1.0,0.0,0.0
0.656434286599842,3.856061015235256,7.545072753445628,1.0,0.0,0.0
-0.27492420667177786,4.63128438959737,5.126446671708916,1.0,0.0,0.0
1.5284984982288576,5.073573148509947,6.600008279452394,1.0,0.0,0.0
-2.1697356607495166,1.59658217387006,6.197595655813964,1.0,0.0,0.0
2.622665656913844,4.603921181111854,5.298741473398574,1.0,0.0,0.0
-4.36564796379985,1.7924553829950085,7.394784938785939,1.0,0.0,0.0
5.289401578610579,3.358778192768014,6.072770566156131,1.0,0.0,0.0
1.5308983673180903,4.06418394443099,6.68547834417758,1.0,0.0,0.0
2.0527199266466782,3.357733759260165,7.859309027457203,1.0,0.0,0.0
2.0562761258200624,0.027698937143033286,8.25806098515262,1.0,0.0,0.0
1.8731572654903634,1.8612431809161412,8.2344227932406,1.0,0.0,0.0
4.568030386369605,6.412127684322297,4.497484411503615,1.0,0.0,0.0
4.040839246319208,9.134587799257638,2.5156636739515705,1.0,0.0,0.0
-1.984551912952758,4.486077868528695,3.860960618065488,1.0,0.0,0.0
2.1198745004153183,1.0263247364438772,3.564835052042156,1.0,0.0,0.0
4.143568342485275,8.162330030639316,5.969536152162847,1.0,0.0,0.0
-2.5144677567458116,5.0858004856660255,6.1167745283423915,1.0,0.0,0.0
2.812442764202362,6.040017136552394,8.712151497852817,1.0,0.0,0.0
-2.1845725431082283,1.3023387068513441,8.003302527085417,1.0,0.0,0.0
5.250439605429117,0.8531125588326808,7.031249808345431,1.0,0.0,0.0
-1.0846794984515924,4.788298293348223,5.0815144240735,1.0,0.0,0.0
1.1332093963292809,6.235204545409179,5.197239846649262,1.0,0.0,0.0
4.0286633302622645,1.8600073175858471,6.1891587172068565,1.0,0.0,0.0
-2.8448213507991342,3.9278132620567097,2.935669576183393,1.0,0.0,0.0
2.969181300194953,0.5428064406013889,5.266276322237698,1.0,0.0,0.0
4.238893444346753,2.073766165863004,7.032006683708984,1.0,0.0,0.0
7.222352755651479,0.9895160917808261,4.270828685160004,1.0,0.0,0.0
1.7591929769073948,2.5661521341865527,6.59564395446949,1.0,0.0,0.0
2.2418029346298756,5.567642370797763,5.660600939620729,1.0,0.0,0.0
0.4917562910509237,2.1199043920062173,6.533106630507325,1.0,0.0,0.0
1.043728698398826,2.9262500799612736,6.90912026945966,1.0,0.0,0.0
6.638619609137559,-0.03492709042467235,3.577267820243427,1.0,0.0,0.0
1.4974654815829471,7.6887175900013744,8.102649126652846,1.0,0.0,0.0
0.7790137540767597,1.5289142086938317,8.718733615556692,1.0,0.0,0.0
2.2742671392327027,3.6952510153797755,2.225832934068724,1.0,0.0,0.0
2.9358603398469922,5.085756203839292,5.035072614426051,1.0,0.0,0.0
-0.13803422729952208,4.570229062172851,6.252731175761613,1.0,0.0,0.0
-3.190940671101469,2.8051249092478336,6.122786739180439,1.0,0.0,0.0
-2.7499139631383485,5.952486261925808,3.8022714803174735,1.0,0.0,0.0
0.03896739133820315,5.301447995523831,6.753056930765433,1.0,0.0,0.0
2.814115530535203,3.3510448952208365,8.03858391300139,1.0,0.0,0.0
-3.6835082308490765,4.79860823501442,7.681177920891188,1.0,0.0,0.0
1.0689661231169039,3.87699856095367,4.167782826087176,1.0,0.0,0.0
1.4980497329351294,1.1005903421835634,5.598934783061214,1.0,0.0,0.0
6.467179888860759,3.6543226064336505,4.947021614247798,1.0,0.0,0.0
0.18653807136719958,3.1482042923205866,9.698215207174673,1.0,0.0,0.0
6.630675566120738,1.3072186667141734,5.601130198780452,1.0,0.0,0.0
0.21147620338733364,1.3407664617850008,6.311834349055958,1.0,0.0,0.0
0.9727242495427251,4.460131753819373,2.4079965918726334,1.0,0.0,0.0
4.81115772372119,2.264990764833498,5.657214922144333,1.0,0.0,0.0
2.0414179686162033,3.884110697710224,5.900351916453452,1.0,0.0,0.0
2.3841934066331594,3.3902799504851435,5.000907976622236,1.0,0.0,0.0
2.386896415598242,4.9073327160369145,4.018213698859212,1.0,0.0,0.0
-0.44744167317357275,3.7116915536694663,9.263771752367221,1.0,0.0,0.0
2.623177421209191,8.207973274436865,5.797380118256431,1.0,0.0,0.0
1.6124003657863282,2.456409574874338,4.633406130813568,1.0,0.0,0.0
3.338337796551791,1.5291662836851194,1.107618880442799,1.0,0.0,0.0
2.036768018496072,3.317220720197267,7.093675649000271,1.0,0.0,0.0
2.7679288827915416,0.9109594029982546,7.62236842529114,1.0,0.0,0.0
-0.03507599743586676,-1.9887832174689113,5.263641464854604,1.0,0.0,0.0
2.7576631743084823,0.7703670234451687,8.336808932432472,1.0,0.0,0.0
0.1287567027385279,7.409449548067634,6.781910124654409,1.0,0.0,0.0
2.1292056705580102,3.677340368174434,7.497924960292751,1.0,0.0,0.0
0.797383159358088,4.354306700566136,6.135615869050529,1.0,0.0,0.0
0.279657104493253,2.83561886425798,6.8393559999335025,1.0,0.0,0.0
1.431727758701189,3.127592517820446,2.3995837750132125,0.0,1.0,0.0
4.277949208030543,6.945773341232747,1.452539776749182,0.0,1.0,0.0
4.218433017954892,6.164790591501073,3.2601417441997667,0.0,1.0,0.0
5.100632421768107,3.181060539879797,0.9178014870727198,0.0,1.0,0.0
8.436359898918564,3.0656997006653293,4.5895747178055455,0.0,1.0,0.0
3.328415301450806,7.0805004495969115,0.4227643066460156,0.0,1.0,0.0
3.818743231660465,8.013489135322743,2.0308900402136376,0.0,1.0,0.0
6.492019437876294,8.507834752756827,-0.18465286350139326,0.0,1.0,0.0
2.3604681524780284,3.775709829093116,2.5321325651884736,0.0,1.0,0.0
8.797155612804453,1.5321570182199515,3.212778802138053,0.0,1.0,0.0
3.6957155260893604,7.410514018623399,0.856724897194078,0.0,1.0,0.0
3.5269286773538577,7.405809088741082,0.5128258834725923,0.0,1.0,0.0
5.523369160418615,5.088362807405844,2.2306235725426635,0.0,1.0,0.0
2.365804981976996,4.645600209082273,3.0325314334820592,0.0,1.0,0.0
3.9458231378710877,6.776741598143207,1.6826113489880918,0.0,1.0,0.0
4.960357729313007,6.3993007732239535,4.735254420256702,0.0,1.0,0.0
3.7101883050481406,7.387475082529722,4.837528666522254,0.0,1.0,0.0
1.602263826754164,6.547568050993165,2.8648866014890917,0.0,1.0,0.0
5.035979860203321,4.164743020373847,3.3761717414089265,0.0,1.0,0.0
-0.9627174322683293,10.44822541376262,0.5005069190988243,0.0,1.0,0.0
0.17067841194589972,9.328219649102085,-1.6043812981999352,0.0,1.0,0.0
0.8256858509091504,8.422580916787147,-1.1345174507494131,0.0,1.0,0.0
4.491860776439057,4.805396249748996,4.878428466607491,0.0,1.0,0.0
4.028363446277431,6.583246547175451,5.3962777764790735,0.0,1.0,0.0
1.8772348673999575,6.830537689319719,1.521574515419254,0.0,1.0,0.0
2.056364872966269,5.490655565272855,2.9604320778716033,0.0,1.0,0.0
5.460131289770976,3.5165432555740583,1.00364439322742,0.0,1.0,0.0
5.864082777359229,4.2639915385920215,2.1585561308273786,0.0,1.0,0.0
4.482275380104815,6.900214134455441,2.2530833558734398,0.0,1.0,0.0
6.70131164281238,7.3356336426409054,2.303989851884179,0.0,1.0,0.0
3.687736495084349,9.10107764849872,0.008950861620899087,0.0,1.0,0.0
1.8957842327238543,6.25634345344522,0.8747446071211753,0.0,1.0,0.0
2.2049756968029977,7.164988513685431,3.1786921337563694,0.0,1.0,0.0
2.5695350190472483,6.9058457853862025,2.3441445280572,0.0,1.0,0.0
0.7897048053498839,7.9880274574434305,3.196109628334427,0.0,1.0,0.0
4.761420906269636,4.013465960114504,0.2410434650473967,0.0,1.0,0.0
1.160593387758207,8.671509059691276,5.531509661048739,0.0,1.0,0.0
1.6431718032025404,10.27927190676861,3.288305680094237,0.0,1.0,0.0
3.214621733874893,7.189198141660474,4.342879287746556,0.0,1.0,0.0
2.98504634914271,8.203467146111072,4.054044935627797,0.0,1.0,0.0
5.9585631202126255,5.6092148853148105,5.512725039897114,0.0,1.0,0.0
7.232486623804275,3.7455737564983482,0.6838330914735429,0.0,1.0,0.0
1.5155491154169596,4.067595543451531,7.630286132246853,0.0,1.0,0.0
2.735066327785698,6.842920078109133,-0.6900517679132383,0.0,1.0,0.0
5.749750025735465,9.486643489784038,2.666216948836626,0.0,1.0,0.0
9.705422071728243,3.133247309027469,1.8477051719612443,0.0,1.0,0.0
1.6781877348531147,2.7512935654830546,0.5254016601000298,0.0,1.0,0.0
3.7712413211727074,6.512114355219461,3.2350054383729088,0.0,1.0,0.0
3.3387702917098023,7.315042951927662,2.5575789372509306,0.0,1.0,0.0
7.9355594271803245,4.140195229597065,-1.519254756720808,0.0,1.0,0.0
4.520134131924187,8.417171036675287,0.368471834928775,0.0,1.0,0.0
1.4091892889112552,3.001228091314582,0.2762326876309822,0.0,1.0,0.0
6.875136832505836,4.774391099510409,0.2743723794427565,0.0,1.0,0.0
1.751280619822547,5.241918167838537,-0.6474678794945212,0.0,1.0,0.0
5.170523600332614,8.874220596125259,3.122836931348032,0.0,1.0,0.0
5.1950285229643,1.2894400799797374,2.0990660176653955,0.0,1.0,0.0
-0.9214806315053758,4.043767617068246,5.929414524011073,0.0,1.0,0.0
9.81220050353015,4.9137685921595375,3.821767069710063,0.0,1.0,0.0
2.5484734906628184,5.347337809952351,3.614193332196197,0.0,1.0,0.0
3.8065874239057864,3.699850083121376,5.716247585506256,0.0,1.0,0.0
8.122078465937975,7.03162032242132,3.2783416817498416,0.0,1.0,0.0
4.217730071792747,9.238825447912548,2.51271562666859,0.0,1.0,0.0
8.375505349878122,6.002080092831717,2.562864848084417,0.0,1.0,0.0
6.231907428269393,3.376983579987083,-2.6864740569617207,0.0,1.0,0.0
1.6450123788534745,5.293416106764684,-3.48485809950318,0.0,1.0,0.0
4.472093554743244,7.4442352564847045,5.577386704158498,0.0,1.0,0.0
-1.2547507318928939,6.733724745628858,-1.308937297734973,0.0,1.0,0.0
4.437134576688675,5.414588252773088,2.5726603169820645,0.0,1.0,0.0
4.554571720923102,3.894241571098076,-0.27257340529167295,0.0,1.0,0.0
8.605007995865446,5.733782412080561,2.6338627955582488,0.0,1.0,0.0
4.6657126526234665,7.910962350687368,-2.0387647202569807,0.0,1.0,0.0
2.9070986648093147,5.384026170704891,-1.024452243191903,0.0,1.0,0.0
4.963673960715513,4.372978937342467,2.329087705591081,0.0,1.0,0.0
2.732350350263081,4.192984091154294,1.1048960562556662,0.0,1.0,0.0
2.4129851419783144,8.719429848550467,4.137804523094577,0.0,1.0,0.0
3.9950805025927716,8.98349292803276,2.384321353014436,0.0,1.0,0.0
4.970378115313332,11.151080569202065,2.745412805005641,0.0,1.0,0.0
4.929638525007437,7.230928586029111,-0.041241538932020316,0.0,1.0,0.0
0.7841326658165326,5.49525954837758,2.5017833107496976,0.0,1.0,0.0
7.4750215905851025,6.6189184613709795,4.788080708312855,0.0,1.0,0.0
2.1985576890726057,7.663925948609624,-0.7693280012787828,0.0,1.0,0.0
1.4886519154788442,3.5456250595306136,4.661607654090321,0.0,1.0,0.0
5.773105780524995,8.304153159122805,3.4573878828848215,0.0,1.0,0.0
3.167883404518469,6.479574234947992,0.05941269103172586,0.0,1.0,0.0
3.9183783282082607,6.967582211237434,0.4083814737784642,0.0,1.0,0.0
2.070967247532048,9.4738688583517,-0.5920550567216547,0.0,1.0,0.0
4.967766657150872,7.022635932118973,4.658984951938264,0.0,1.0,0.0
5.979422507265857,5.588511253526825,3.7694443086509724,0.0,1.0,0.0
2.6558822004903835,8.551782261870255,0.27932254737301354,0.0,1.0,0.0
0.43559371606858655,6.586764688256764,2.592278362130392,0.0,1.0,0.0
4.8793806922522975,5.999510110361507,4.535354846171662,0.0,1.0,0.0
4.7185697427757995,3.279446693427916,2.142866364126923,0.0,1.0,0.0
7.3436583431362825,8.456671656298463,2.051560340634194,0.0,1.0,0.0
8.021143213876396,2.7840290813745887,3.9862962588347592,0.0,1.0,0.0
5.437675520785078,6.2437551774188735,1.58720505316014,0.0,1.0,0.0
1.7233109123416221,6.631179525630529,1.4759987859927095,0.0,1.0,0.0
2.6214193425265586,7.976336668743165,3.7130557706832104,0.0,1.0,0.0
0.39606806233090186,6.088819894853038,2.9839769468875454,0.0,1.0,0.0
3.0052025631836505,7.591659866599287,5.994567442816157,0.0,1.0,0.0
5.863751134569683,3.121836181494974,3.6128907355836684,0.0,1.0,0.0
3.8326068683230643,2.016995274635776,0.8336466392049497,0.0,1.0,0.0
3.8315599039161934,7.232448968421596,0.12793947194316257,0.0,1.0,0.0
6.2833900666162,8.440952987552256,-2.6911635984621647,0.0,1.0,0.0
1.1389131961427577,3.531328803578477,4.341540281991281,0.0,1.0,0.0
2.616929893074613,6.895736435656855,1.2464000022449835,0.0,1.0,0.0
3.9264825953703126,5.021886841828309,6.436792726759496,0.0,1.0,0.0
2.674000129776464,10.033790755866725,3.1113472023887536,0.0,1.0,0.0
2.253034280405566,4.396281336871693,0.6209800259514119,0.0,1.0,0.0
2.387494458989048,9.479716500306258,4.346715875273235,0.0,1.0,0.0
2.0583199043245433,7.507429269068517,-0.3411816036165799,0.0,1.0,0.0
3.5182719887680225,6.750977287634998,2.146470689001465,0.0,1.0,0.0
3.2397715753485126,9.65016457529334,1.2758184823182566,0.0,1.0,0.0
1.8489550671129968,12.05723436492609,3.7638885227363117,0.0,1.0,0.0
4.262131959917352,3.451361702966447,3.659299594228202,0.0,1.0,0.0
2.474852749744163,5.019418654652804,-1.2321320681867718,0.0,1.0,0.0
5.655230787298822,7.516490774617345,0.9084326402397612,0.0,1.0,0.0
4.942826423139453,6.706236284997611,-0.5291650075704164,0.0,1.0,0.0
7.356998109686934,8.881109668489025,3.355027776127178,0.0,1.0,0.0
3.416259795037708,4.9966003452806245,1.4312446382267083,0.0,1.0,0.0
3.3737420010108345,6.613979878935772,1.5563795946329357,0.0,1.0,0.0
3.087290391694266,-0.8352070898474455,5.4201846064549475,0.0,1.0,0.0
3.5857482122990936,4.168008091274744,4.415049131802687,0.0,1.0,0.0
5.457671851763406,4.394827384794064,3.004840055509643,0.0,1.0,0.0
5.77432871744243,4.075075118258489,1.321968736818376,0.0,1.0,0.0
1.361251800984424,4.867671494767038,4.939771632492837,0.0,1.0,0.0
4.763940315141839,6.745755373805486,0.67706066993479,0.0,1.0,0.0
6.228846546044908,6.539041302314999,0.7576824161591041,0.0,1.0,0.0
3.8796685816635503,5.779410957973644,0.6154939866305225,0.0,1.0,0.0
2.3605518970461334,5.796051860304009,0.1505894286064149,0.0,1.0,0.0
6.01804503539538,8.078963261230994,-0.601179123695753,0.0,1.0,0.0
5.949758872829977,6.587869256251677,2.3770366380882777,0.0,1.0,0.0
1.950719736166161,2.6446798707036487,2.814887129644859,0.0,1.0,0.0
0.5494149285421241,6.491635243098929,1.6437480590500602,0.0,1.0,0.0
4.811342259156214,6.014255333085602,4.708181711650039,0.0,1.0,0.0
3.6423514124633716,5.504607760985815,1.5638537171934108,0.0,1.0,0.0
4.0086176471572905,4.575745453764937,5.6930611978718035,0.0,1.0,0.0
6.147361688680224,9.130845373351184,0.8294997318047694,0.0,1.0,0.0
4.953483255885869,2.1932250622126994,-0.3814673066226007,0.0,1.0,0.0
4.159768546054672,4.965552352930273,3.041186749762223,0.0,1.0,0.0
4.380342493026442,0.6812030978001913,4.25873875219496,0.0,1.0,0.0
3.8132976476613516,3.9624088218433835,8.391352032553398,0.0,1.0,0.0
5.112177087464268,3.164485260806152,2.5519360966787135,0.0,1.0,0.0
7.297749351928774,7.634216789171873,1.426597584546336,0.0,1.0,0.0
5.077774552434018,5.641917384042453,3.3940412828002,0.0,1.0,0.0
3.3184261438223888,3.9373555717735016,2.514455392054432,0.0,1.0,0.0
9.163319602382987,7.3733422286093155,1.464271866580824,0.0,1.0,0.0
2.01149384602594,6.915186246375442,2.8232632427227418,0.0,1.0,0.0
4.644712344019333,6.7604628449689095,4.254509686414594,0.0,1.0,0.0
5.879985974084771,7.49530845887807,2.8679256845158734,0.0,1.0,0.0
7.267471032697462,2.313920751833212,6.604971586580917,0.0,1.0,0.0
5.441160036297874,2.891303854626869,4.704427453065122,0.0,1.0,0.0
4.901056488191625,6.545424960284011,4.716436991370925,0.0,1.0,0.0
1.4906963941541234,4.05703645188613,0.7841575303845405,0.0,1.0,0.0
1.4082112243237566,9.18521543164622,1.7364783366044256,0.0,1.0,0.0
5.848080906174843,6.567365488223717,0.7311765031758588,0.0,1.0,0.0
5.303479328654847,2.7925344935673717,2.574284639281992,0.0,1.0,0.0
4.983747354117492,7.908317978352585,2.057414300930802,0.0,1.0,0.0
3.933437029240317,3.683152228345235,3.8874420325128707,0.0,1.0,0.0
1.6940594026396028,8.896442087409364,4.74134636037876,0.0,1.0,0.0
6.887605713938047,3.8017474805663363,4.914002392599697,0.0,1.0,0.0
2.763245739450339,3.5565740684127345,2.776706801043746,0.0,1.0,0.0
4.690319338797814,4.201844575716033,2.264079958284754,0.0,1.0,0.0
4.735189970124827,6.566549048690765,1.7930937702753549,0.0,1.0,0.0
3.2375608688813258,6.863067015474893,0.7439977853307442,0.0,1.0,0.0
2.9331510372501004,2.3247492482057437,2.090441813708699,0.0,1.0,0.0
3.9473171893125394,8.043464343942649,5.272613177336007,0.0,1.0,0.0
-0.8005206190215242,5.486272456579822,3.3546860362704587,0.0,1.0,0.0
0.9997956792397398,7.00278858299093,4.225193071678784,0.0,1.0,0.0
3.705321464584869,8.662988903024065,0.8194128018326439,0.0,1.0,0.0
2.4307488736189056,3.7296468994405125,1.4848925213276447,0.0,1.0,0.0
1.736758774416675,4.128455315314568,4.255713267033316,0.0,1.0,0.0
5.538144940906141,6.221447346072631,4.950627027309211,0.0,1.0,0.0
2.256849874391767,5.314056358036526,6.490946308373494,0.0,1.0,0.0
4.265832451889759,5.359708610745838,3.257041873366419,0.0,1.0,0.0
-0.2294272331578029,4.811142105496046,0.7585934041720637,0.0,1.0,0.0
2.2977121775738762,5.6316037542354636,1.8512492398398075,0.0,1.0,0.0
5.895945357406032,4.341142148311885,8.097809437999564,0.0,1.0,0.0
2.3371575361944905,3.794442549167828,1.0993753267924034,0.0,1.0,0.0
5.194088322414621,3.5626973480525996,2.175475071607998,0.0,1.0,0.0
3.0523418407887766,7.2058465995009815,4.252065465324097,0.0,1.0,0.0
4.485174003195696,7.674912659270814,1.435948658078109,0.0,1.0,0.0
4.821903021843891,2.9344737167703476,1.2616051551428842,0.0,1.0,0.0
8.310259752800263,3.7555877095697228,0.14121122762816257,0.0,1.0,0.0
2.0312595031506033,8.463723127779076,1.4470761729890531,0.0,1.0,0.0
4.793080428363233,8.470679755915139,1.7627675121699355,0.0,1.0,0.0
4.459445999809294,4.324048349040315,1.9569529504899252,0.0,1.0,0.0
0.15247529004295668,6.44462101507067,-1.4413986767535616,0.0,1.0,0.0
2.044382140016003,4.264141497966541,6.861806099788599,0.0,1.0,0.0
2.7534643528980283,2.565185332617315,1.2813609539869577,0.0,1.0,0.0
2.460792042760608,3.8646329058830764,5.5988163739648105,0.0,1.0,0.0
5.8980337827691125,6.512092346326063,7.949952954973532,0.0,1.0,0.0
6.33902782751865,3.8533429042036906,1.1013765130018376,0.0,1.0,0.0
5.572715685398378,3.9182364980580457,0.43752839212471617,0.0,1.0,0.0
1.8522569151114618,7.124008862819891,2.164469645633282,0.0,1.0,0.0
5.508318068165338,6.400179583851815,3.356607193262205,0.0,1.0,0.0
2.9613049929925066,6.4809734292190395,3.3656669610824292,0.0,1.0,0.0
2.50824057023293,7.968141937095066,4.042614886453643,0.0,1.0,0.0
2.093953737118483,5.148941770551986,-0.45610054066315586,0.0,1.0,0.0
0.09518733284521774,8.174378285878127,1.2352680817481099,0.0,1.0,0.0
2.1570467088935468,8.98763756654162,7.664273927788401,0.0,1.0,0.0
3.66319679335273,9.479293978586348,2.1448828403708653,0.0,1.0,0.0
-0.7456241549246978,7.1642462877455735,2.8090231995839305,0.0,1.0,0.0
4.849484579613508,6.732630534317048,1.2608340610895534,0.0,1.0,0.0
7.376868242897411,5.22921409847544,1.7008268871427974,0.0,1.0,0.0
7.497642435835212,5.605142740479811,0.3762792897258638,0.0,1.0,0.0
1.0057931159213127,5.638154878125847,1.9287954849527693,0.0,1.0,0.0
4.947039562181427,5.1127276503172245,-0.9949008500775971,0.0,1.0,0.0
1.7476839939210627,6.843744163424291,3.288615421156366,0.0,1.0,0.0
4.979017283343918,3.3558446859442688,4.068149316199895,0.0,1.0,0.0
0.5565885694938177,9.830466665425103,0.7089328195212747,0.0,1.0,0.0
5.714678596569239,3.2932682444000134,0.028189833081648574,0.0,1.0,0.0
5.199494227051138,6.765141585335186,4.3834524087159386,0.0,1.0,0.0
4.16176360466487,1.0727300087593719,-0.548320041916632,0.0,1.0,0.0
6.200472828799952,3.9104061009363718,1.0072406959645641,0.0,1.0,0.0
2.9621831328169517,5.73975778629245,3.398559648603819,0.0,1.0,0.0
3.315730127994705,9.920659369641445,2.487225848896251,0.0,1.0,0.0
5.609161938350261,4.301414831434388,0.5600125334704047,0.0,1.0,0.0
3.5680953974762417,3.3786187955558327,-0.609843428709282,0.0,1.0,0.0
7.654726380188292,6.254828715566639,1.0936610488973546,0.0,1.0,0.0
8.305822979241963,2.965915062401876,1.7522558890791253,0.0,1.0,0.0
6.309633043235346,5.950018492943667,1.95259830164358,0.0,1.0,0.0
6.657771004053187,4.559507059380228,3.3946239578645754,0.0,1.0,0.0
5.184431239974381,4.489716252177468,-1.0611181848862383,0.0,1.0,0.0
4.605938877565176,3.6683505306149184,-0.1536278830519019,0.0,1.0,0.0
3.691339141533372,6.1681367668008935,3.892093055863679,0.0,1.0,0.0
5.33137067582574,7.930837875400594,-1.0228556187095432,0.0,1.0,0.0
5.768808458083884,6.752773280043579,2.7392999578204713,0.0,1.0,0.0
2.25768116223486,3.6246082725218063,3.4556092269998544,0.0,1.0,0.0
6.635164207135755,1.8223252007448,3.1497016866535232,0.0,1.0,0.0
0.8741959115075657,4.94401195651254,2.216716588917521,0.0,1.0,0.0
3.647089185695159,2.252562138327594,0.28688401021300214,0.0,1.0,0.0
-0.09952214803203718,4.04953947220537,2.486784539850032,0.0,1.0,0.0
4.791715107996426,7.824171547965535,0.18518186650265478,0.0,1.0,0.0
3.5672643675146656,8.433899578207502,3.886452423588426,0.0,1.0,0.0
2.2586017944471015,2.5456397535817237,0.4694822822318041,0.0,1.0,0.0
4.637834239784471,7.578710457461665,0.9161378851446867,0.0,1.0,0.0
3.874815485999662,4.82252225383961,2.304669294271097,0.0,1.0,0.0
0.5696514122896161,6.46045608479959,3.693328474850728,0.0,1.0,0.0
1.73014458013496,3.297995378213882,3.440752342563937,0.0,1.0,0.0
1.6475003362905445,7.44520785298819,4.473782771649722,0.0,1.0,0.0
2.513202379724183,1.1868632060638995,1.4946207437940773,0.0,1.0,0.0
9.238243142360691,-0.2703111927450768,1.211807832376782,0.0,1.0,0.0
2.9872342321209184,2.001141271719595,2.792218914323947,0.0,1.0,0.0
5.182373284589293,6.58786938567431,3.2797873849725647,0.0,1.0,0.0
7.0390140128090914,4.446267741357778,4.190976378833372,0.0,1.0,0.0
3.6481900805723813,8.051391179105655,1.8994115760622432,0.0,1.0,0.0
2.0172707805210637,6.038063980644159,0.7288030017688711,0.0,1.0,0.0
5.756449349014026,3.502797225644468,0.60111435268438,0.0,1.0,0.0
3.45924183337572,9.126008995096731,1.7294811171112465,0.0,1.0,0.0
3.7756480303925906,2.229963284205006,-0.20142069681665542,0.0,1.0,0.0
4.941334981715121,4.3136791880060485,1.9278954451155377,0.0,1.0,0.0
2.7311948362515492,4.032262000778078,1.601950366983665,0.0,1.0,0.0
-2.270125051297811,6.351814247590558,5.299739798115164,0.0,1.0,0.0
4.467053531307988,9.410505764614957,10.101385007028089,0.0,1.0,0.0
-0.025091701137205824,4.782042081124142,4.3595903499442885,0.0,1.0,0.0
5.512948141692194,8.423077640812553,1.161341184552191,0.0,1.0,0.0
0.5249997416788958,4.399172693164207,2.645130727932748,0.0,1.0,0.0
7.622397323283433,4.6029226329876,2.1387114607599185,0.0,1.0,0.0
4.060511858996543,8.763634055760459,4.4585825982708,0.0,1.0,0.0
3.4511637732041596,7.052124277127304,3.5943519876926273,0.0,1.0,0.0
5.698992151628754,6.901708752355399,2.7470459789027473,0.0,1.0,0.0
5.745300052387218,5.933380355500834,0.7675822974790821,0.0,1.0,0.0
3.267993533270648,5.685413460226951,1.24156264266367,0.0,1.0,0.0
6.074697172575753,4.467058419940443,2.1506629543237192,0.0,1.0,0.0
3.862540965959595,1.7179187530156077,3.6789240532361354,0.0,1.0,0.0
6.729338607881432,5.531926703371626,0.9087740287760611,0.0,1.0,0.0
9.691681254203647,5.942407922559242,2.6863142484857736,0.0,1.0,0.0
1.8921770831220976,7.3929629844031535,2.8835477699636423,0.0,1.0,0.0
2.0873170375500525,7.036799684001689,3.3140417838938703,0.0,1.0,0.0
-2.281435418787789,8.6986562072055,0.8454272592824756,0.0,1.0,0.0
3.5510930350125727,4.153676828900592,2.4658857781988535,0.0,1.0,0.0
3.7516952831707053,4.021808183785623,6.215668034985333,0.0,1.0,0.0
3.848775941357429,5.867622703587148,1.7296042691881035,0.0,1.0,0.0
1.5297940108490864,5.711648947844161,-1.379569916916355,0.0,1.0,0.0
0.1798607846973983,3.8623141154991636,0.6137127700794377,0.0,1.0,0.0
3.437784478884185,8.041930100170925,0.5543486283612296,0.0,1.0,0.0
4.028220848732099,7.997705380858893,2.7716899280698515,0.0,1.0,0.0
5.02457425601654,5.392696609054992,2.27116472713446,0.0,1.0,0.0
1.599584396280311,4.874621469477797,0.629528537531115,0.0,1.0,0.0
3.9499536024103667,7.298804802365122,2.9729712335525127,0.0,1.0,0.0
4.8629318514227196,5.878087520832329,0.6704784912533246,0.0,1.0,0.0
8.638123979666737,2.4294043468090054,2.037922706900688,0.0,1.0,0.0
5.743969177551381,5.356965639415337,-0.2811242628662398,0.0,1.0,0.0
5.0290730197852165,5.427627692397191,6.176063647420314,0.0,1.0,0.0
3.2642712335452257,6.566340955120088,-0.807784182572755,0.0,1.0,0.0
2.707324800896277,5.512713503419761,1.623081962179304,0.0,1.0,0.0
1.617360850799513,6.818963010673434,1.9097745664693844,0.0,1.0,0.0
4.4300403699315964,3.057436596833612,3.747495547006849,0.0,1.0,0.0
4.600181542550748,5.0144835118338476,1.1068364463803477,0.0,1.0,0.0
6.370484960064048,5.956688772798481,1.8809805094560417,0.0,1.0,0.0
5.774550968864784,0.2907921472506785,0.033032529372289066,0.0,1.0,0.0
5.722283885738634,5.125767084954772,3.994048136986714,0.0,1.0,0.0
1.5655957878593072,4.10203295965478,0.5221736079129589,0.0,1.0,0.0
1.9099971085733767,5.203943379358685,1.0257440002294316,0.0,1.0,0.0
5.4169456028412775,5.708990967471702,0.28328236896371867,0.0,1.0,0.0
6.131942298991845,4.398192277824592,-1.838425391200821,0.0,1.0,0.0
7.1992180093399325,8.668700353688358,2.5755868646881375,0.0,1.0,0.0
7.022680190578675,7.373173326811457,0.6383433834609535,0.0,1.0,0.0
1.2445602233310027,5.755317014449056,3.39721862805985,0.0,1.0,0.0
3.232481777781708,3.4126543723839324,1.740349121425522,0.0,1.0,0.0
9.613590719611004,1.8669846549483013,6.4411084993524685,0.0,0.0,1.0
5.357124609280172,3.846450387051092,2.070272348765301,0.0,0.0,1.0
4.662200244029016,3.4687875774070953,6.57941706147245,0.0,0.0,1.0
3.401939511949403,1.6583841385023708,1.5367137542698854,0.0,0.0,1.0
8.630178245986794,3.392484317019716,2.406281675059555,0.0,0.0,1.0
6.127350637272856,6.613016260825013,8.216718148446205,0.0,0.0,1.0
7.549959737197002,-0.36129715664725337,6.882841114921473,0.0,0.0,1.0
6.346491821536693,3.319726136853021,1.6433284603880982,0.0,0.0,1.0
1.0228534813652286,-1.523340405031804,3.5486202931750777,0.0,0.0,1.0
2.374756651501712,6.940001553125894,4.844883668612284,0.0,0.0,1.0
6.7307220565845975,3.295128605433743,6.100034340110531,0.0,0.0,1.0
7.607463353665419,2.78029530228921,3.0106456555773713,0.0,0.0,1.0
4.777811745571493,2.5873745253624296,4.599169777125621,0.0,0.0,1.0
4.681206700561264,1.6227325772308603,3.591759628665114,0.0,0.0,1.0
3.7248173321764337,4.832885798104479,8.492977893388407,0.0,0.0,1.0
4.579002161136934,2.0895934290730667,4.996424620452193,0.0,0.0,1.0
5.290170828667707,2.250217817132057,4.244534041595712,0.0,0.0,1.0
8.780095333306644,2.1294077046802222,6.648668138301104,0.0,0.0,1.0
6.569329980235169,1.4513935872555859,5.703179834932612,0.0,0.0,1.0
2.677649318209805,2.7510951803776242,2.1848561812354923,0.0,0.0,1.0
5.673746491844372,1.9568506645606085,3.7905512071266663,0.0,0.0,1.0
7.433664761005261,1.1418177141676147,3.685822885158675,0.0,0.0,1.0
2.8330141853512205,3.3696277734039493,2.5312971132180775,0.0,0.0,1.0
7.824468441907253,1.1563659344463195,3.7303289940393225,0.0,0.0,1.0
5.138535392915046,1.9325872281864402,2.6944646094356677,0.0,0.0,1.0
4.5514174250566795,-1.3453069676218652,3.4511779512362435,0.0,0.0,1.0
4.751576079816104,3.7225360449563176,2.2249094766458244,0.0,0.0,1.0
3.926191964310245,0.8368126653983677,7.4309272037790715,0.0,0.0,1.0
6.4386103148315375,3.813828748660173,3.7302987446146516,0.0,0.0,1.0
5.805270761033997,1.9016478969512218,2.340801498358174,0.0,0.0,1.0
4.286203378932268,2.760303465948212,0.36778150348500205,0.0,0.0,1.0
4.3616778694880525,4.725295568531278,3.073555531895028,0.0,0.0,1.0
4.143320350037061,-1.6439082867379433,6.319327987399466,0.0,0.0,1.0
0.07250266412866146,3.9411272540110156,9.886019121664708,0.0,0.0,1.0
2.015305419273524,2.168144419035247,3.706866048573356,0.0,0.0,1.0
7.089413505989924,3.0467890131499615,1.1389694534281192,0.0,0.0,1.0
3.0325363260990645,4.567137971708038,5.760124218412493,0.0,0.0,1.0
4.318178587619991,-0.272844107228688,5.475340544760199,0.0,0.0,1.0
6.05259293397694,-0.23670957624131028,5.549301540694473,0.0,0.0,1.0
2.4564707733755844,1.7579643847989437,2.671433810153561,0.0,0.0,1.0
6.336150572349183,3.7659786110710174,0.5748871401205171,0.0,0.0,1.0
5.17769199743787,3.9775220321485447,6.689909378610453,0.0,0.0,1.0
4.646516401155139,5.340318538608317,4.728225938485082,0.0,0.0,1.0
3.2665430824775763,2.9278481568903003,3.010427485408104,0.0,0.0,1.0
6.639171122899774,3.0976225067181202,10.321279024210703,0.0,0.0,1.0
4.949784061493036,1.269779892969891,4.455183027026821,0.0,0.0,1.0
7.352045416826214,2.26253748756539,3.751527237281088,0.0,0.0,1.0
5.846479025588673,3.844346309787177,4.373589538849361,0.0,0.0,1.0
10.256591440045971,-0.6546101874911305,1.8773295012926758,0.0,0.0,1.0
4.746299894651759,4.797807908175602,4.815779973269429,0.0,0.0,1.0
4.472064554830364,2.056040778987273,3.4288271855972186,0.0,0.0,1.0
7.086410585143922,6.620200222404666,2.930953039352913,0.0,0.0,1.0
7.070448584578179,-0.745839525278543,1.5421566450840882,0.0,0.0,1.0
6.616533093831665,-1.07237152684819,3.399385731586733,0.0,0.0,1.0
6.219906173472996,5.833009703767557,6.818751563610872,0.0,0.0,1.0
0.084710514321646,3.7211404494327067,2.5688436342360337,0.0,0.0,1.0
2.4972133407348167,-0.9953137439917078,1.537275248274478,0.0,0.0,1.0
9.236233217381027,-0.09899693266132831,7.136488253144794,0.0,0.0,1.0
7.292156190956622,2.3330762296171486,2.8550487818673185,0.0,0.0,1.0
7.77366623309363,-0.7117479538673677,6.901858646998157,0.0,0.0,1.0
6.6574805121314435,-1.6709959995195365,1.1429192390659382,0.0,0.0,1.0
3.3306180326104977,2.132060609604327,5.14338791300614,0.0,0.0,1.0
8.699984310979222,-0.21342194018113148,4.502728547608755,0.0,0.0,1.0
6.509025087474082,0.04633136122522363,2.3521639573838335,0.0,0.0,1.0
6.572856456347816,2.493722273440246,7.064751152405023,0.0,0.0,1.0
2.0616330839785557,2.6329696503700624,6.3447923740256105,0.0,0.0,1.0
6.765610215082238,5.7834232578263425,4.841323179031961,0.0,0.0,1.0
3.957594642354781,5.290037939372158,5.001520555015349,0.0,0.0,1.0
4.7119555930805594,2.0192691169561034,4.979838185790591,0.0,0.0,1.0
5.746615078899763,1.301964532839933,1.3794017733343984,0.0,0.0,1.0
4.285154774328638,6.432034989241346,3.8264976268372366,0.0,0.0,1.0
5.7283601160528015,-2.5109660814525228,6.581636447688614,0.0,0.0,1.0
4.745235098533989,1.8157495436254174,3.0599153545219724,0.0,0.0,1.0
6.505180279355686,-0.4631804673499905,3.302319304829849,0.0,0.0,1.0
2.0273136783182615,4.038709671818442,7.929614326237401,0.0,0.0,1.0
-0.09017489557581371,3.560918106255746,4.360952432623083,0.0,0.0,1.0
8.87227589497948,2.1567457201954174,1.7349646372351968,0.0,0.0,1.0
6.656071853910233,4.955827445288882,3.478381919520426,0.0,0.0,1.0
7.345162668573438,6.106563028852481,3.283521246772578,0.0,0.0,1.0
3.4374206537879877,1.6909516391770771,8.319949115941982,0.0,0.0,1.0
4.643962745273891,0.7862090523692069,7.403827984072758,0.0,0.0,1.0
2.3345854779396684,2.781929597802098,5.8893891083385235,0.0,0.0,1.0
3.955926925994146,1.0200329627575586,3.80625201262051,0.0,0.0,1.0
5.772338400050978,0.4395512226424275,0.3710087022742101,0.0,0.0,1.0
5.145217356409781,1.3006482600379863,4.148904398025358,0.0,0.0,1.0
7.334903839453841,3.2580313501054725,2.6134080862580547,0.0,0.0,1.0
10.105564503217327,1.7461238899838447,3.972374249630522,0.0,0.0,1.0
9.082531027667141,-2.3115446707171348,2.68083229540266,0.0,0.0,1.0
5.87030086439094,2.402490799021362,4.093411908306838,0.0,0.0,1.0
4.955283367349878,2.155563762637587,2.202237008872386,0.0,0.0,1.0
7.608891736967076,1.9036910111611038,4.5070354754343995,0.0,0.0,1.0
4.783218242550222,2.674222214455365,4.85364731577925,0.0,0.0,1.0
8.259249359507479,1.7413536834784176,4.936900964413009,0.0,0.0,1.0
7.882018973039536,2.7205297755165816,0.6060180456822075,0.0,0.0,1.0
1.7392011841410466,4.286371019475498,3.118690183486908,0.0,0.0,1.0
5.957640026117908,-1.5229733927827496,1.2486634591196082,0.0,0.0,1.0
5.460520038344034,0.3573786721220009,0.5777454325262994,0.0,0.0,1.0
0.9662496054937542,2.647374126201729,2.4207711934762086,0.0,0.0,1.0
2.6114729774875554,5.851644312465956,5.3226658871490615,0.0,0.0,1.0
3.188255604589998,0.7313828164866178,3.4443501246846884,0.0,0.0,1.0
4.46409161763976,3.3526446278060082,2.592623571149273,0.0,0.0,1.0
4.896853101844044,0.10283144380705433,6.764718666419228,0.0,0.0,1.0
5.199816503555513,3.0526356268887804,1.5908000137380036,0.0,0.0,1.0
4.001308541067028,5.690368509555726,7.09658139951322,0.0,0.0,1.0
5.001285582081801,5.176872726653834,4.56970316310944,0.0,0.0,1.0
6.276163806439311,-3.132020844364284,4.381891981603873,0.0,0.0,1.0
2.8237399222512045,2.3829370756880275,1.6694689980510637,0.0,0.0,1.0
3.017481737853867,4.3252014567564805,5.240268646973074,0.0,0.0,1.0
8.322246917215692,1.6851423366166691,8.42489827067418,0.0,0.0,1.0
6.451292103082465,4.1810795635891,7.36507885764758,0.0,0.0,1.0
4.679223821869171,2.685662846870904,5.2040615465069635,0.0,0.0,1.0
8.001101304321296,4.0645955274354435,-0.3436541458897917,0.0,0.0,1.0
8.024371912132743,1.6987234610114346,3.376112086766419,0.0,0.0,1.0
4.753740471477201,4.468801986506447,5.0058291461613615,0.0,0.0,1.0
7.4930648153013655,4.045877344842452,1.7377242875512435,0.0,0.0,1.0
3.819900542285864,0.26202679078095636,1.5230211606346993,0.0,0.0,1.0
4.526432832529853,2.697008517834279,3.140635322796188,0.0,0.0,1.0
8.0794501664811,-0.6043384696693146,5.349854789855058,0.0,0.0,1.0
7.4337611395674426,0.3131568534523672,7.910704840266158,0.0,0.0,1.0
6.872167728624679,4.450613320488523,1.1175147022130623,0.0,0.0,1.0
6.098581927120113,0.44538295290208973,3.6213593169899676,0.0,0.0,1.0
3.655296102914341,2.770806591201439,0.5733730194740339,0.0,0.0,1.0
3.078958873292922,3.204742966143367,3.684556387174178,0.0,0.0,1.0
5.140209904656676,2.853199679708593,3.9641541155864743,0.0,0.0,1.0
6.788491448241039,3.7984972370579038,3.2205371135439425,0.0,0.0,1.0
5.155162477476831,2.6261854345455085,7.087080251300483,0.0,0.0,1.0
2.045349160957657,3.8734963301223475,1.7317560716676363,0.0,0.0,1.0
8.256786751827972,0.919574402788826,6.061148445295166,0.0,0.0,1.0
7.023443541324701,2.0047489823262854,4.458543527872223,0.0,0.0,1.0
7.583989046237241,7.529409169294692,6.667630202447521,0.0,0.0,1.0
9.811207102439855,3.48464813760099,3.330448180889955,0.0,0.0,1.0
6.005525068484412,3.0560810333508766,3.1316210530570494,0.0,0.0,1.0
4.976336905200274,0.7669261659191124,3.7267450755583997,0.0,0.0,1.0
3.6853209593157414,-0.29514413340453705,4.448333902132573,0.0,0.0,1.0
8.954938713723134,3.2737466045789483,3.9662441957855608,0.0,0.0,1.0
3.904529476396067,6.499047567013311,6.54195601054094,0.0,0.0,1.0
4.868322558607897,1.4012828364772933,7.399940183166521,0.0,0.0,1.0
6.398847827525952,4.47407812035125,2.3442137901969184,0.0,0.0,1.0
5.215853852447209,1.339028698395028,2.0566037147107363,0.0,0.0,1.0
4.345471749240922,1.5254147847121924,4.891754874361341,0.0,0.0,1.0
1.7937684639165103,1.3583330025004519,1.4165500136246285,0.0,0.0,1.0
5.5834090613840806,1.0543780022140814,4.129487980414486,0.0,0.0,1.0
7.701954392950115,1.0563271935743783,5.3831893937136215,0.0,0.0,1.0
0.4368250393418247,2.3505029977380545,-1.646818981059178,0.0,0.0,1.0
9.010153999888598,0.7363551599775181,0.8201673167816432,0.0,0.0,1.0
4.893202991293624,3.376116723205289,2.192576500808284,0.0,0.0,1.0
4.012453683891458,2.0109703063664432,6.944749261137435,0.0,0.0,1.0
7.1542532536541,3.820798686855754,2.434386411185038,0.0,0.0,1.0
4.270443173695451,5.035898177938733,5.860061168153315,0.0,0.0,1.0
5.6658588859539485,0.9802601037361051,6.546905085665812,0.0,0.0,1.0
6.934966262940848,-2.901174662523912,4.341396405226195,0.0,0.0,1.0
4.029436569048519,1.0088085597538332,1.9089444859283011,0.0,0.0,1.0
7.477015067144807,4.998826269291151,4.56807525766069,0.0,0.0,1.0
8.166096583947933,3.6778291585418144,3.870415726395408,0.0,0.0,1.0
1.4986544112395244,0.7557413702759153,1.7396047542117372,0.0,0.0,1.0
7.39441350040779,2.6196423767579207,3.381580279372981,0.0,0.0,1.0
9.164985918007538,0.9230950027948803,3.123657014945269,0.0,0.0,1.0
7.89121005485514,2.4242719646267847,4.461863907054631,0.0,0.0,1.0
5.9623688509703126,4.20996097524327,6.892886021779631,0.0,0.0,1.0
7.423729804753648,1.7186603793264448,-0.07786674111220626,0.0,0.0,1.0
5.962085996727793,-1.2903591820108264,2.5519862530628434,0.0,0.0,1.0
5.165932672141845,3.6691718352617784,6.153308918500503,0.0,0.0,1.0
6.614179468574757,2.70600955981945,4.076406585183083,0.0,0.0,1.0
3.143071269620416,5.832195634809984,5.080379687007348,0.0,0.0,1.0
5.929949576717297,4.22974787463216,4.903894075341583,0.0,0.0,1.0
3.601149350666761,2.345275299658599,3.16717193260177,0.0,0.0,1.0
3.5919728401028808,0.4948743467970025,1.7068440844268595,0.0,0.0,1.0
9.342926059875476,4.24691706364621,6.0098042308826525,0.0,0.0,1.0
7.658699889652475,1.7222272528405713,0.43363750064962137,0.0,0.0,1.0
1.7725388047868473,1.1650478517462144,4.696436226218766,0.0,0.0,1.0
7.881457145503377,2.1071442821749375,5.006814604998331,0.0,0.0,1.0
5.9752498508433645,1.7343535137430308,3.1600379070189257,0.0,0.0,1.0
7.06255410059024,-1.1425904449831288,5.413333130105833,0.0,0.0,1.0
3.228642509804585,0.11756078752832977,1.788902429443076,0.0,0.0,1.0
9.648497861858031,-1.1465788199813982,3.489161447225042,0.0,0.0,1.0
7.1597013069170545,-0.536618812588703,5.157850470515007,0.0,0.0,1.0
7.363883609229059,0.736481365873029,2.1883646377642374,0.0,0.0,1.0
6.977128054300071,3.3707392530312243,-0.7897564834492368,0.0,0.0,1.0
5.688564891188615,1.7081473077217417,3.9305727764044325,0.0,0.0,1.0
0.9663993995203168,-0.30258844236005067,3.096669374207032,0.0,0.0,1.0
4.499283600165451,4.07712015729997,7.088194015976175,0.0,0.0,1.0
1.7144455618481058,1.4876475724344427,5.4036670449321935,0.0,0.0,1.0
1.9583736806864818,3.5843909029504055,1.8850801244514126,0.0,0.0,1.0
5.190353096166666,3.351870497250002,3.700025957982821,0.0,0.0,1.0
4.449893324983074,2.029987677103775,6.218599940541239,0.0,0.0,1.0
6.248762673129319,-0.27669767362205655,4.195366249442486,0.0,0.0,1.0
4.833900730702348,2.8964993588009995,5.104737758660405,0.0,0.0,1.0
6.64003305701488,1.9931576129378086,6.212020285094133,0.0,0.0,1.0
5.691123248923324,1.2438841610598954,1.1762562779716963,0.0,0.0,1.0
5.481594501829448,4.203005221389108,5.307860483012193,0.0,0.0,1.0
4.3625533820344575,-0.3295450723501019,0.7253844883860174,0.0,0.0,1.0
6.914018491196491,-2.2042847034934168,3.6340340572055676,0.0,0.0,1.0
2.972157099933655,1.5433186886174173,1.9361902723046263,0.0,0.0,1.0
5.882118167682697,1.5599450072450587,4.411037573287788,0.0,0.0,1.0
3.9878230832338537,1.7349879186350043,5.245234012545022,0.0,0.0,1.0
4.455026028044184,1.2440663618976588,3.911233566655266,0.0,0.0,1.0
6.549539227652601,5.777087022244534,8.392099293100589,0.0,0.0,1.0
8.245006041246198,1.0743325160786643,7.013749357113978,0.0,0.0,1.0
8.221293349137976,3.3041966677309462,2.122891003714418,0.0,0.0,1.0
1.863793872504226,2.8545183652032096,2.823251411561545,0.0,0.0,1.0
5.910099096210175,1.0246384102843509,4.869790589990361,0.0,0.0,1.0
4.891482415173964,0.8375918497473662,4.009945960470355,0.0,0.0,1.0
5.986907257915122,-0.3129629396174678,5.891927191463677,0.0,0.0,1.0
5.9123895761529885,3.0096665525792257,5.838318988070236,0.0,0.0,1.0
7.9534444794591135,-1.1767914460246391,2.482648325549702,0.0,0.0,1.0
7.407719915144126,0.9450101350920634,-0.9072379352232574,0.0,0.0,1.0
9.07730465805321,5.8036968673009,4.512040415784698,0.0,0.0,1.0
6.211068105419487,3.896607550271649,10.542868419597994,0.0,0.0,1.0
6.852166687352622,1.1991203825128436,6.525285324542218,0.0,0.0,1.0
6.247097802320748,-1.251902473589861,3.4382851342747287,0.0,0.0,1.0
3.8055679076317843,-0.09007733001839435,4.008730540057458,0.0,0.0,1.0
3.112491701009723,-0.6534411987984847,4.154763018534604,0.0,0.0,1.0
8.264272629527682,2.896802692182824,-0.3220889144032981,0.0,0.0,1.0
8.49529178222311,1.8779101218695637,2.0380444132109177,0.0,0.0,1.0
6.428142081071355,0.8446943764161694,6.994963533525803,0.0,0.0,1.0
9.20030355552781,1.6159554144946409,2.690006304816785,0.0,0.0,1.0
6.884517825661679,-2.0237408751136976,0.8534161425905322,0.0,0.0,1.0
3.5824797506178188,4.4350700605584015,1.109279253590259,0.0,0.0,1.0
5.057335447059702,0.9371915575684151,6.93602882957967,0.0,0.0,1.0
1.8868093559970687,0.5041834285275714,3.2390185969788425,0.0,0.0,1.0
5.879910085055949,-3.44827645489004,3.2623784975589007,0.0,0.0,1.0
8.34669419203279,-4.2523798009676925,4.261248304992465,0.0,0.0,1.0
-0.06050763573290263,1.6276319854944328,6.249373189032511,0.0,0.0,1.0
9.226543934367745,1.8521382668399409,7.169661768995474,0.0,0.0,1.0
3.600009567653044,0.11530419041546991,5.413172840461701,0.0,0.0,1.0
4.0317121824466495,2.8785842984910346,4.559281129792517,0.0,0.0,1.0
2.5183986641092826,0.8914949421330716,4.68328592578927,0.0,0.0,1.0
7.982330996513496,1.9988269095181919,4.545710861518021,0.0,0.0,1.0
2.861389258950588,-1.3713351024171412,3.6960157926303907,0.0,0.0,1.0
5.911286166031633,3.3555492128706508,5.1157397472024515,0.0,0.0,1.0
7.183744887904894,2.0960807370393484,2.5158156498953415,0.0,0.0,1.0
6.63979206235954,4.496316931076649,3.4163841730006257,0.0,0.0,1.0
6.858953756736652,6.492030532709186,4.2925187492745165,0.0,0.0,1.0
7.586736468838601,1.7919775435187932,4.451696831934315,0.0,0.0,1.0
5.429804066092724,3.739236872909747,7.3802355884974515,0.0,0.0,1.0
6.9928419033300315,4.58884526891832,-0.15729491301503584,0.0,0.0,1.0
4.586005801931927,3.2993028655389733,1.4998882789948538,0.0,0.0,1.0
5.161706004832657,5.512208819308391,5.851430511006481,0.0,0.0,1.0
8.013387064829235,1.4772459469607848,2.582971493289425,0.0,0.0,1.0
5.3754151476383045,1.6891758454278656,6.450802828438206,0.0,0.0,1.0
8.154742198570386,1.3751041333070773,5.248267465932904,0.0,0.0,1.0
4.684647767993038,3.451128457332937,5.16069927638053,0.0,0.0,1.0
4.021236398039126,1.648134988707129,4.460523445192761,0.0,0.0,1.0
4.735781937084079,-2.7208112349455966,1.0455083269433918,0.0,0.0,1.0
4.129737672474802,3.02861664644678,2.7917116080098374,0.0,0.0,1.0
3.3982167504842598,2.100364606940148,7.094178335760843,0.0,0.0,1.0
6.002772858980706,0.19197522578773496,2.137120526060603,0.0,0.0,1.0
4.664347478664752,0.8901101982964865,4.16506429406814,0.0,0.0,1.0
7.251487434296988,4.583787172292544,2.1346232753456387,0.0,0.0,1.0
4.866683485080634,0.9776318036458636,0.8342618322566757,0.0,0.0,1.0
7.150188691813757,-0.30037602787298323,5.434537062033029,0.0,0.0,1.0
4.873755944021748,2.477021920586834,4.2398617485896235,0.0,0.0,1.0
5.849627356842724,-0.18955945451544554,1.486390301673043,0.0,0.0,1.0
6.798738431485532,2.775432126556697,1.0656129429082497,0.0,0.0,1.0
6.701651274257833,-0.6400870202358133,7.751132896870551,0.0,0.0,1.0
4.143173380892689,1.3730848563966578,3.936159941899543,0.0,0.0,1.0
6.585200618884214,-1.162035597014103,7.167090814438345,0.0,0.0,1.0
4.341962878827356,5.5628544311832275,7.031060580033211,0.0,0.0,1.0
2.6329249738278317,1.3142865263309027,2.4841246155348857,0.0,0.0,1.0
6.768550943428038,-1.5699696857931356,5.511366002505711,0.0,0.0,1.0
4.766609769480326,3.8263468344654763,2.5259109747941935,0.0,0.0,1.0
6.882117659602855,5.4433392068073125,3.5702482164547473,0.0,0.0,1.0
4.866744875448859,2.8502947540632553,3.9834589776467,0.0,0.0,1.0
5.652267053034367,0.610299658057039,5.8966414756777255,0.0,0.0,1.0
2.032280057623552,2.3923079784264987,4.0654663536244655,0.0,0.0,1.0
6.133655520832421,1.2276852261721933,3.419775270140551,0.0,0.0,1.0
6.092058267425091,0.503252153865897,3.791452570599926,0.0,0.0,1.0
3.2336732419926024,0.8094614152654676,5.964994944405671,0.0,0.0,1.0
9.963385631359694,-0.5745329547414517,3.748322491196507,0.0,0.0,1.0
8.817907325846118,5.900050643487727,3.01902650984663,0.0,0.0,1.0
8.47367038182487,2.191802242431753,1.959930358673168,0.0,0.0,1.0
5.3745823180756815,-0.4175915896930582,1.643734094103026,0.0,0.0,1.0
5.528422745263859,4.5459925866671425,6.7998453541089185,0.0,0.0,1.0
5.363601955325722,3.100825817655648,3.769045334314438,0.0,0.0,1.0
4.731930591150993,7.284261291355026,2.5538039703928894,0.0,0.0,1.0
2.2360885922839793,6.700345463284682,5.452856043866291,0.0,0.0,1.0
7.269151959677038,3.144995196515121,4.6853471839109115,0.0,0.0,1.0
7.252386760853167,2.532463997126227,8.784215526621695,0.0,0.0,1.0
5.303541779747092,3.497340036331677,4.283506379488468,0.0,0.0,1.0
8.082656049637752,2.7547429872497604,7.353212369224666,0.0,0.0,1.0
7.461220473781677,6.828495333400926,2.608567146217002,0.0,0.0,1.0
7.572726617116585,3.232308476882622,2.4339311748741412,0.0,0.0,1.0
9.723953781805283,-0.7532122104359658,1.2574462569989646,0.0,0.0,1.0
10.486112587421804,1.4725083593283472,6.668031968423524,0.0,0.0,1.0
6.758601687694219,-2.362267259513394,1.6836101643946564,0.0,0.0,1.0
10.176465534454321,3.3813851918617823,0.0026515227244017225,0.0,0.0,1.0
5.677238601528069,4.569483282287145,5.278609841822308,0.0,0.0,1.0
4.720146374336832,5.124876397878436,0.4396968254452509,0.0,0.0,1.0
6.6810076722355545,-0.8121662631101865,5.722006357086295,0.0,0.0,1.0
5.86216814057739,1.7031246740244539,4.42009502167428,0.0,0.0,1.0
6.336360679547598,1.0891074920362322,4.688073319060501,0.0,0.0,1.0
4.039682080979006,6.732579515514221,3.001882645058414,0.0,0.0,1.0
7.310063067887063,3.8623236154525467,6.2064006033454575,0.0,0.0,1.0
3.3765884138437983,3.610927493502346,5.909483996018554,0.0,0.0,1.0
6.236129787873478,1.1290472324040182,6.509932633254566,0.0,0.0,1.0
5.644236044695615,3.690573069770128,0.8960291610240287,0.0,0.0,1.0
3.221505457119071,0.17863866805977197,3.827174372925989,0.0,0.0,1.0
3.8959140397181975,3.107796131134248,2.540416006616656,0.0,0.0,1.0
6.69787931286531,1.0518367162995377,3.128776787749769,0.0,0.0,1.0
2.4949595287836828,4.024332960654279,2.969473705463139,0.0,0.0,1.0
